surface,kind,caller_surface,execution_location,transport,selection_authority,state_lifetime,trace,actual_work_owner,outputs,interruption_and_cleanup,evidence
"effect-build.JavaScriptBundle.withFile","published v0.3 public operation","scoped callback","orchestrator process plus filesystem","direct Effect FileSystem/Path/Crypto calls","caller supplies path and metadata; composed platform layer supplies services","borrowed artifact live only inside callback scope","decode input -> stat/read/digest -> register object identity -> invoke callback -> unregister","effect-build and filesystem; no provider engine","borrowed file observation; no publication","scope unregisters liveness; file remains caller-owned","packages/effect-build/src/index.ts:15-23; packages/effect-build/src/JavaScriptBundle.ts:286-320 @ f06f96c/a301765"
"effect-build/Integration.executeCommand","published v0.3 author operation","Effect function","local child process","argv plus stdout/stderr byte streams and exit code","caller explicitly supplies executable and argv; platform layer supplies spawner","one scoped child","ChildProcess.make(shell=false,forceKillAfter=2s) -> concurrently drain bounded stdout/stderr and await exit","selected executable child","bounded command completion; no artifact ownership","scope closure terminates child; interruption remains Cause interruption","packages/effect-build/src/Integration.ts:39-94 @ f06f96c/a301765"
"effect-build/Integration.inspectLiveJavaScriptBundle","published v0.3 author operation","Effect function","orchestrator process plus filesystem","direct object identity and FileSystem/Crypto calls","artifact was minted by active withFile scope","borrowed live artifact","check WeakSet-like live membership -> stat/read/digest -> compare bytes/digest","effect-build and filesystem","same borrowed artifact or typed access/validity error","no mutation; liveness ends with owner scope","packages/effect-build/src/Integration.ts:107-115; packages/effect-build/src/JavaScriptBundle.ts:323-340 @ f06f96c/a301765"
"effect-build/Integration.withOwnedJavaScriptBundle","published v0.3 author operation","scoped producer/use callbacks","orchestrator process plus filesystem","direct calls; arbitrary producer Effect may cross another boundary","author supplies producer; platform layer owns filesystem/path/crypto","owned temporary root containing a borrowed callback artifact","claim temp root -> producer -> JavaScriptBundle.withFile -> use -> recursive cleanup -> unregister","effect-build owns staging lifecycle; producer owns provider work","borrowed callback artifact only","cleanup runs after success, typed failure, defect, or interruption","packages/effect-build/src/Integration.ts:301-369,521-538 @ f06f96c/a301765"
"effect-build/Integration.produceExecutable","published v0.3 author operation","Effect function with prepare/produce callbacks","orchestrator process plus filesystem; provider callback may cross another boundary","direct calls plus provider-defined transport","caller/provider selects builder and target; effect-build owns destination discipline","one-shot staged candidate and destination claim","claim destination -> same-parent staging -> prepare -> provider produce -> inspect native file -> optional hash -> atomic rename","provider callback does compilation; effect-build validates and publishes","atomic published durable executable","scope cleans uncommitted staging and destination claim; interruption is not translated","packages/effect-build/src/Integration.ts:418-519 @ f06f96c/a301765"
"effect-build/Provider.define","published v0.3 author factory","synchronous definition returning functions and Layer","same isolate during definition; local child during resulting layer/compile calls","direct function construction; resulting selected-command argv boundary","provider definition fixes target mapping/argv; resulting layer discovers explicit or PATH tool","definition value plus layer-scoped selected tool; compile calls one-shot","validate definition -> construct schemas/adapter -> layer discover/probe -> service wrappers","effect-build constructs the adapter; selected CLI does compilation","author API plus resulting service","no provider work at definition time; layer and calls use Effect scope","packages/effect-build/src/Provider.ts:219-379 @ f06f96c/a301765"
"effect-build-bun.layer","published v0.3 integration operation","Effect Layer","orchestrator plus short Bun probe child","selected command probe returning JSON","explicit absolute executable or PATH; observed canonical path/version becomes selected tool","layer-scoped immutable selected-tool observation","discoverTool -> run Bun metadata probe -> construct compiler and bound command","Bun probe child reports identity; effect-build validates","Compiler service; no build artifact","probe child scoped; failure typed as ToolNotFound/ToolProbeFailed","packages/effect-build/src/Provider.ts:342-370; packages/effect-build-bun/src/Adapter.ts:74-80 @ f06f96c/a301765"
"effect-build-bun.compileExecutable / Compiler.compileExecutable","published v0.3 provider operation","Effect function/service method","selected Bun local child","CLI argv and terminal streams","layer-selected Bun 1.3.9; caller selects target/options; Bun owns project/environment interpretation","one-shot child plus staged durable output","preflight -> sibling staging -> bun build --compile [target/options] --outfile -> inspect target -> atomic rename","Bun child performs bundle and executable generation","atomic published executable","child scope is interruptible; effect-build cleans uncommitted staging","packages/effect-build-bun/src/index.ts:48-50; Adapter.ts:74-114; packages/effect-build/src/standalone/internal/CompilerEngine.ts:386-457 @ f06f96c/a301765"
"effect-build-bun.compileExecutableMatrix / Compiler.compileExecutableMatrix","published v0.3 derived provider operation","Effect function/service method","orchestrator plus one Bun child per cell, possibly concurrent","repeated CLI argv/terminal streams","one layer-selected Bun identity for homogeneous provider matrix; caller selects targets and bounded concurrency","batch of independent one-shot cells; partial-success report on failure","preflight all cells/destinations -> Effect.forEach scalar compile -> collect artifacts/failures","each Bun child compiles one cell; no provider-native matrix engine","multiple atomic published executables; successful cells survive other cell failures","interruption closes active child scopes; no rollback of already-published cells","packages/effect-build-bun/src/index.ts:52-54; packages/effect-build/src/standalone/internal/CompilerEngine.ts:459-501 @ f06f96c/a301765"
"effect-build-bun.withJavaScriptBundle / Compiler.withJavaScriptBundle","published v0.3 provider operation","scoped callback","selected Bun local child","CLI argv/terminal streams plus filesystem/metafile handoff","same layer-selected Bun 1.3.9; Bun project/config/environment behavior remains native except explicit flags","one-shot child; temporary bundle borrowed only during callback","validate entry -> temp root -> bun build --target=node --packages=bundle --outfile --metafile -> validate -> callback -> cleanup","Bun child performs build; effect-build reads and validates output/metafile","borrowed single JS file; multi-output graph intentionally excluded","scope terminates child and removes temp root after all Cause forms","packages/effect-build-bun/src/index.ts:56-60; packages/effect-build-bun/src/Bundle.ts:366-463 @ f06f96c/a301765"
"effect-build-deno.layer","published v0.3 integration operation","Effect Layer","orchestrator plus short Deno probe child","selected command probe returning JSON","explicit absolute executable or PATH; observed Deno.execPath/version becomes selected tool","layer-scoped immutable selected-tool observation","discoverTool -> deno eval metadata probe -> construct compiler","Deno probe child reports identity; effect-build validates","Compiler service","probe child scoped and typed failures","packages/effect-build/src/Provider.ts:342-370; packages/effect-build-deno/src/Adapter.ts:168-175 @ f06f96c/a301765"
"effect-build-deno.compileExecutable / Compiler.compileExecutable","published v0.3 provider operation","Effect function/service method","selected Deno local child; denort may be acquired by Deno","CLI argv/terminal streams plus filesystem/network behavior owned by Deno","layer-selected Deno 2.9.3; caller selects target/permissions/bundle/minify; Deno selects/acquires matching denort under native rules","one-shot child plus staged durable output","preflight -> sibling staging -> deno compile [target,bundle,minify,permissions] --output -> inspect target -> atomic rename","Deno child resolves/checks/bundles and assembles runtime artifact","atomic published executable","child scope is interruptible; effect-build cleans uncommitted staging; provider acquisition may already have mutated its cache","packages/effect-build-deno/src/index.ts:42-44; Adapter.ts:168-205; packages/effect-build/src/standalone/internal/CompilerEngine.ts:386-457 @ f06f96c/a301765"
"effect-build-deno.compileExecutableMatrix / Compiler.compileExecutableMatrix","published v0.3 derived provider operation","Effect function/service method","orchestrator plus one Deno child per cell, possibly concurrent","repeated CLI argv/terminal streams","one layer-selected Deno identity for homogeneous provider matrix; Deno owns denort acquisition per native rules","batch of independent one-shot cells; partial-success report on failure","preflight -> Effect.forEach scalar compile -> collect artifacts/failures","each Deno child compiles one cell","multiple atomic published executables; successful cells survive other cell failures","interruption closes active children; no rollback of published cells or provider cache mutation","packages/effect-build-deno/src/index.ts:46-48; packages/effect-build/src/standalone/internal/CompilerEngine.ts:459-501 @ f06f96c/a301765"
"effect-build-esbuild.layer","published v0.3 integration operation","Effect Layer value","orchestrator isolate only until first API call","direct JavaScript import of package-resolved esbuild API","npm dependency pins esbuild 0.28.2; the loader normally resolves the optional platform package, while ambient ESBUILD_BINARY_PATH may override it","layer-scoped service value; esbuild native service remains package-module-global","check esbuild.version -> capture platform services -> expose service","effect-build constructs service; no engine starts solely from layer construction","Esbuild service","no child at layer construction; later context release is scoped","packages/effect-build-esbuild/src/internal/Esbuild.ts:538-562 @ f06f96c/a301765"
"effect-build-esbuild.withJavaScriptBundle / Esbuild.withJavaScriptBundle","published v0.3 provider operation","scoped callback around JavaScript API","Node orchestrator plus package-owned package-module-global esbuild native child","esbuild private versioned framed stdio service protocol hidden behind official JS API; plugin callbacks would reverse-call to JS but v0.3 fixes plugins=[]","package normally resolves esbuild 0.28.2 and its platform binary, but ambient ESBUILD_BINARY_PATH may override the executable; caller controls build fields retained by wrapper","effect-build-scoped esbuild context over shared package-module-global service","validate -> temp root -> esbuild.context -> context.rebuild(write=false,metafile) -> effect-build writes bytes -> callback -> cancel/dispose -> cleanup","native esbuild child performs compilation; JS service and effect-build own protocol/context/files","borrowed single JS file; output bytes copied from result to temp file","context release calls cancel then dispose; this does not stop package-module-global service; Effect interruption does not prove native cancellation before release","packages/effect-build-esbuild/src/index.ts:1-14; internal/Esbuild.ts:461-562; node_modules/esbuild/lib/main.js @ 0.28.2; receipts/esbuild-js-service.json"
"effect-build-node-sea.layer","published v0.3 integration operation","Effect Layer","orchestrator plus selected Node probe children and filesystem inspection","Node eval JSON, --help terminal streams, direct ELF inspection","explicit absolute Node or PATH-resolved node; exact Node 26.7.0 linux-x64-gnu and --build-sea capability required","layer-scoped immutable selected builder/base observation","probe execPath/version/platform/glibc/builtins -> canonicalize/inspect selected file -> parse --help","selected Node children report metadata; effect-build validates identity and executable bytes","NodeSea service","probe children scoped; typed discovery/probe failure","packages/effect-build-node-sea/src/internal/NodeSea.ts:598-670 @ f06f96c/a301765"
"effect-build-node-sea.createExecutable / NodeSea.createExecutable","published v0.3 provider operation","Effect function/service method","selected Node local child plus filesystem/config handoff","documented SEA JSON manifest passed to node --build-sea; stdout/stderr terminal streams","layer-selected Node 26.7.0 is both builder and explicit base; caller supplies borrowed main/assets","one-shot child; private copied inputs/config/staged candidate; durable atomic output","validate borrowed main -> copy private main/assets -> syntax check -> write SEA config -> node --build-sea -> inspect ELF -> atomic rename","Node child performs SEA assembly and LIEF injection; effect-build owns preparation/validation/publication","atomic published linux-x64-gnu executable","scope terminates child and removes private/staged data; already-mutated provider cache is not applicable; destination replaced only after validation","packages/effect-build-node-sea/src/index.ts:1-23; internal/NodeSea.ts:598-728 @ f06f96c/a301765"
