operation_id,operation,lane,lifecycle,resource_result,output_publication,semantic_key,stability,contract,evidence_refs,package_gate,profile_gate
OP-ROL-001,acquire-reusable-build,host-api,scoped-acquisition,scoped-handle,none,"Rolldown / acquire-reusable-build / host-api / scoped-acquisition / {scoped-handle, none}",public root API; not marked experimental,RolldownBuild captures input options and owns the native build holder; no publication.,E-ROL-ACQUIRE;E-ROL-HANDLE;E-ROL-INPUT;E-EB-GATES,defer,candidate-only
OP-ROL-002,generate,scoped-handle,reusable,caller-owned-value,none,"Rolldown / generate / scoped-handle / reusable / {caller-owned-value, none}",public root API; not marked experimental,RolldownOutput with ordered chunks/assets and metadata; no provider publication.,E-ROL-HANDLE;E-ROL-OUTPUT-TYPES;E-ROL-OUTPUT-IMPL;E-ROL-EXTMEM;E-EB-RECEIPT,defer,narrow-seed-passed
OP-ROL-003,write,scoped-handle,reusable,caller-owned-value,provider-direct-durable,"Rolldown / write / scoped-handle / reusable / {caller-owned-value, provider-direct-durable}",public root API; not marked experimental,Returns metadata after provider-direct writes; writes are durable but not atomic.,E-ROL-HANDLE;E-ROL-OUTPUT-OPTIONS;E-ROL-OUTPUT-TYPES;E-ROL-PLUGIN;E-EB-LIFE,defer,not-applicable
OP-ROL-004,close-reusable-build,scoped-handle,release,no-public-value,none,"Rolldown / close-reusable-build / scoped-handle / release / {no-public-value, none}",public root API; not marked experimental,Promise<void>; lifecycle release only.,E-ROL-HANDLE;E-EB-RECEIPT;E-EB-PROBE;E-EB-LIFE,defer,supporting-lifecycle-only
OP-ROL-005,build-one-shot-generate,host-api,one-shot,caller-owned-value,none,"Rolldown / build-one-shot-generate / host-api / one-shot / {caller-owned-value, none}",experimental public root API,"Wrapper acquires, generates, and closes in finally.",E-ROL-BUILD;E-ROL-HANDLE;E-ROL-OUTPUT-IMPL,defer,candidate-only
OP-ROL-006,build-one-shot-write,host-api,one-shot,caller-owned-value,provider-direct-durable,"Rolldown / build-one-shot-write / host-api / one-shot / {caller-owned-value, provider-direct-durable}",experimental public root API,"Wrapper acquires, writes, and closes in finally; direct writes are not atomic.",E-ROL-BUILD;E-ROL-HANDLE;E-ROL-OUTPUT-OPTIONS;E-EB-LIFE,defer,not-applicable
OP-ROL-007,watch-direct-write,host-api,scoped-session,scoped-handle,provider-direct-durable,"Rolldown / watch-direct-write / host-api / scoped-session / {scoped-handle, provider-direct-durable}",experimental public root API,Watcher event session; result handles carried by events require caller close.,E-ROL-WATCH-API;E-ROL-WATCH-EVENT;E-ROL-WATCH-IMPL;E-ROL-INPUT,defer,not-applicable
OP-ROL-008,watch-skip-write,host-api,scoped-session,scoped-handle,none,"Rolldown / watch-skip-write / host-api / scoped-session / {scoped-handle, none}",experimental public root API,Watcher event session without automatic publication.,E-ROL-WATCH-API;E-ROL-WATCH-EVENT;E-ROL-WATCH-IMPL;E-ROL-HANDLE,defer,candidate-only
OP-ROL-009,close-watch-session,scoped-handle,release,no-public-value,none,"Rolldown / close-watch-session / scoped-handle / release / {no-public-value, none}",experimental public root API,Promise<void>; lifecycle release only.,E-ROL-WATCH-IMPL;E-ROL-WATCH-EVENT;E-EB-LIFE,defer,supporting-lifecycle-only
OP-ROL-010,cli-bundle-stdout,selected-command,one-shot,caller-owned-value,none,"Rolldown / cli-bundle-stdout / selected-command / one-shot / {caller-owned-value, none}",public CLI bin,Exit status plus raw stdout/stderr; human stdout may contain multiple outputs.,E-ROL-PKG;E-ROL-CLI-BUNDLE;E-ROL-CLI-ARGS;E-ROL-CONFIG,defer,not-applicable
OP-ROL-011,cli-bundle-write,selected-command,one-shot,no-public-value,provider-direct-durable,"Rolldown / cli-bundle-write / selected-command / one-shot / {no-public-value, provider-direct-durable}",public CLI bin,Exit status plus provider-written output tree; direct writes are not atomic.,E-ROL-CLI-BUNDLE;E-ROL-CLI-ARGS;E-ROL-CONFIG;E-EB-LIFE,defer,not-applicable
OP-ROL-012,cli-watch,selected-command,scoped-process-session,owned-process-session,provider-direct-durable,"Rolldown / cli-watch / selected-command / scoped-process-session / {owned-process-session, provider-direct-durable}",public CLI bin; watch is experimental,Long-running child with human streams and repeated direct writes.,E-ROL-CLI-BUNDLE;E-ROL-WATCH-API;E-ROL-WATCH-IMPL,defer,not-applicable
OP-ROL-013,transform-source,host-api,one-shot,caller-owned-value,none,"Rolldown / transform-source / host-api / one-shot / {caller-owned-value, none}",experimental utility export,"Code, optional map/declaration fields, diagnostics and helper metadata.",E-ROL-UTILS;E-ROL-TRANSFORM;E-ROL-BINDING-DTS,defer,not-node-main
OP-ROL-014,parse-source,host-api,one-shot,caller-owned-value,none,"Rolldown / parse-source / host-api / one-shot / {caller-owned-value, none}",public utility export,Parse result or AST convenience value; no publication.,E-ROL-UTILS;E-ROL-PARSE;E-ROL-PARSE-AST;E-ROL-BINDING-DTS,defer,not-applicable
OP-ROL-015,minify-source,host-api,one-shot,caller-owned-value,none,"Rolldown / minify-source / host-api / one-shot / {caller-owned-value, none}",experimental utility export,"Code, optional map, diagnostics and legal comments.",E-ROL-UTILS;E-ROL-MINIFY;E-ROL-BINDING-DTS,defer,not-applicable
OP-ROL-016,resolve-module,host-api,reusable,scoped-handle,none,"Rolldown / resolve-module / host-api / reusable / {scoped-handle, none}",experimental utility export,ResolverFactory result containing path/error/builtin/module type/package metadata.,E-ROL-EXPERIMENTAL;E-ROL-BINDING-DTS,defer,not-applicable
OP-ROL-017,scan-graph,host-api,one-shot-with-cleanup,scope-borrowed-cleanup,none,"Rolldown / scan-graph / host-api / one-shot-with-cleanup / {scope-borrowed-cleanup, none}",experimental utility export,Promise resolves to cleanup Promise<void>; no publication.,E-ROL-SCAN;E-ROL-EXPERIMENTAL;E-ROL-HANDLE,defer,not-applicable
OP-ROL-018,acquire-dev-engine,host-api,scoped-session,scoped-handle,mixed-configured,"Rolldown / acquire-dev-engine / host-api / scoped-session / {scoped-handle, mixed-configured}",experimental provider-only API,DevEngine owns build/HMR state; publication depends on configured callbacks/write mode.,E-ROL-DEV;E-ROL-DEV-OPTIONS;E-ROL-EXPERIMENTAL,defer,reject-current
OP-ROL-019,close-dev-engine,scoped-handle,release,no-public-value,none,"Rolldown / close-dev-engine / scoped-handle / release / {no-public-value, none}",experimental provider-only API,Promise<void>; lifecycle release only.,E-ROL-DEV;E-ROL-EXPERIMENTAL,defer,supporting-lifecycle-only
OP-ROL-020,emit-isolated-declaration,host-api,one-shot,caller-owned-value,none,"Rolldown / emit-isolated-declaration / host-api / one-shot / {caller-owned-value, none}",experimental utility export,"Declaration code, optional map and diagnostics.",E-ROL-EXPERIMENTAL;E-ROL-BINDING-DTS;E-EB-RECON,defer,reject-current
OP-ROL-021,module-runner-transform,host-api,one-shot,caller-owned-value,none,"Rolldown / module-runner-transform / host-api / one-shot / {caller-owned-value, none}",deprecated; Vite-only,"Code, map, dependency lists and diagnostics.",E-ROL-EXPERIMENTAL;E-ROL-BINDING-DTS,reject,reject-current
OP-ROL-022,load-config,host-api,one-shot,caller-owned-value,none,"Rolldown / load-config / host-api / one-shot / {caller-owned-value, none}",public config helper,Resolved config object/array/function or rejection.,E-ROL-CONFIG;E-ROL-CLI-BUNDLE;E-ROL-PKG,defer,not-applicable
