"comparison_id","primary_operation_id","shadow_operation_id","provider","primary_operation","shadow_operation","lane_primary","lane_shadow","lane_resolution","lifecycle_primary","lifecycle_shadow","lifecycle_resolution","resource_primary","resource_shadow","resource_resolution","provider_publication_primary","provider_publication_shadow","provider_publication_resolution","published_contract_primary","published_contract_shadow","published_contract_resolution","identity_owner_primary","identity_owner_shadow","identity_owner_resolution","provenance_primary","provenance_shadow","semantic_disposition_primary","semantic_disposition_shadow","recommendation_primary","recommendation_shadow","recommendation_resolution","compatibility_primary","compatibility_shadow","implementation_primary","implementation_shadow","certification_primary","certification_shadow","evidence_primary","evidence_shadow","source_primary","source_shadow","proposed_surface","resolution","unresolved_fact"
"CMP-CAN-BUN-001","CAN-BUN-001","CO-BUN-01","bun","create-transpiler","create-transpiler","host-api","host-api","agree","one-shot","one-shot","agree","caller-owned-value","caller-owned-value","agree","none","none","agree","none","none","agree","provider-native","provider-native","agree","official-upstream","upstream-declaration+documentation","established","established","ship","ship","agree","source-exact-bun-1.3.14","uncommitted","not-started","not-implemented","source-only-not-certified","not-certified","E-BUN-001;E-BUN-002","EC-BUN-SRC;EC-BUN-DOC","OP-BUN-001","OP-BUN-001;B-supp","effect-build-bun./Transpiler#make","adopt-shadow: no release protocol means caller-owned reusable value, not a long-lived handle","GC/native backing lifetime and concurrency"
"CMP-CAN-BUN-002","CAN-BUN-002","CO-BUN-02","bun","transpile-source-async","transpile-async","host-api","host-api","agree","one-shot","one-shot","agree","caller-owned-value","caller-owned-value","agree","none","none","agree","none","none","agree","provider-native","provider-native","agree","official-upstream","upstream-declaration+documentation","established","established","ship","ship","agree","source-exact-bun-1.3.14","uncommitted","not-started","not-implemented","source-only-not-certified","not-certified","E-BUN-003","EC-BUN-SRC;EC-BUN-DOC","OP-BUN-002","OP-BUN-002","effect-build-bun./Transpiler#transform","agree after provider-verb and evidence-coordinate normalization; retain primary exact ship/defer/reject and proposed surface columns","provider work after Effect interruption"
"CMP-CAN-BUN-003","CAN-BUN-003","CO-BUN-03","bun","transpile-source-sync","transpile-sync","host-api","host-api","agree","one-shot","one-shot","agree","caller-owned-value","caller-owned-value","agree","none","none","agree","none","none","agree","provider-native","provider-native","agree","official-upstream","upstream-declaration+documentation","established","established","ship","defer","different-resolved","source-exact-bun-1.3.14","uncommitted","not-started","not-implemented","source-only-not-certified","not-certified","E-BUN-004","EC-BUN-SRC;EC-BUN-DOC","OP-BUN-003","OP-BUN-003","effect-build-bun./Transpiler#transformSync","retain-primary: ship with an explicit non-interruptible calling-thread contract; D5 broad native coverage and the R2 ship verdict supply no evidence-based defer gate, unlike esbuild sync variants","non-interruptible execution boundary"
"CMP-CAN-BUN-004","CAN-BUN-004","CO-BUN-04","bun","scan-source","scan-source","host-api","host-api","agree","one-shot","one-shot","agree","caller-owned-value","caller-owned-value","agree","none","none","agree","none","none","agree","provider-native","provider-native","agree","official-upstream","upstream-declaration+documentation","established","established","ship","ship","agree","source-exact-bun-1.3.14","uncommitted","not-started","not-implemented","source-only-not-certified","not-certified","E-BUN-005","EC-BUN-SRC;EC-BUN-DOC","OP-BUN-004","OP-BUN-004","effect-build-bun./Transpiler#scan","agree after provider-verb and evidence-coordinate normalization; retain primary exact ship/defer/reject and proposed surface columns","latency and adversarial accuracy"
"CMP-CAN-BUN-005","CAN-BUN-005","CO-BUN-05","bun","scan-imports-fast","scan-imports","host-api","host-api","agree","one-shot","one-shot","agree","caller-owned-value","caller-owned-value","agree","none","none","agree","none","none","agree","provider-native","provider-native","agree","official-upstream","upstream-declaration+documentation","established","established","ship","ship","agree","source-exact-bun-1.3.14","uncommitted","not-started","not-implemented","source-only-not-certified","not-certified","E-BUN-006","EC-BUN-SRC;EC-BUN-DOC","OP-BUN-005","OP-BUN-005","effect-build-bun./Transpiler#scanImports","agree after provider-verb and evidence-coordinate normalization; retain primary exact ship/defer/reject and proposed surface columns","adversarial accuracy boundary"
"CMP-CAN-BUN-006","CAN-BUN-006","CO-BUN-06","bun","build-memory","build-memory","host-api","host-api","agree","one-shot","one-shot","agree","caller-owned-value","caller-owned-value","agree","none","none","agree","none","none","agree","provider-native","provider-native","agree","official-upstream","upstream-declaration+documentation","established","established","ship","ship","agree","source-exact-bun-1.3.14","uncommitted","not-started","not-implemented","source-only-not-certified","not-certified","E-BUN-007;E-BUN-008;E-BUN-009;E-BUN-010","EC-BUN-SRC;EC-BUN-DOC;EC-BUN-RECEIPT-HOSTAPI","OP-BUN-006","OP-BUN-006;B01;B02","effect-build-bun./Build#build","agree after provider-verb and evidence-coordinate normalization; retain primary exact ship/defer/reject and proposed surface columns","cancellation and retained artifact lifetime"
"CMP-CAN-BUN-007","CAN-BUN-007","CO-BUN-07","bun","build-direct-write","build-direct-write","host-api","host-api","agree","one-shot","one-shot","agree","caller-owned-value","caller-owned-value","agree","provider-direct-durable","provider-direct-durable","agree","provider-direct-durable","provider-direct-durable","agree","provider-native","provider-native","agree","official-upstream","upstream-declaration+documentation+recorded-execution","established","established","ship","ship","agree","source-exact-bun-1.3.14","uncommitted","not-started","not-implemented","receipt-bounded-not-certified","not-certified","E-BUN-011;E-BUN-021;E-BUN-022","EC-BUN-SRC;EC-BUN-DOC;EC-BUN-RECEIPT-HOSTAPI","OP-BUN-007","OP-BUN-007;B03","effect-build-bun./BuildToDirectory#buildToDirectory","agree after provider-verb and evidence-coordinate normalization; retain primary exact ship/defer/reject and proposed surface columns","partial writes; pre-existing outputs; interruption remnants"
"CMP-CAN-BUN-008","CAN-BUN-008","CO-BUN-08","bun","build-stdout","build-stdout","selected-command","selected-command","agree","one-shot","one-shot","agree","caller-owned-value","caller-owned-value","agree","none","none","agree","none","none","agree","provider-native","provider-native","agree","official-upstream","upstream-documentation","established","established","ship","ship","agree","source-exact-bun-1.3.14","uncommitted","not-started","not-implemented","source-only-not-certified","not-certified","E-BUN-012","EC-BUN-DOC","OP-BUN-008","OP-BUN-008;B04","effect-build-bun./BuildCommand#build","agree after provider-verb and evidence-coordinate normalization; retain primary exact ship/defer/reject and proposed surface columns","collection bounds and signal outcome"
"CMP-CAN-BUN-009","CAN-BUN-009","CO-BUN-09","bun","build-direct-write","build-direct-write","selected-command","selected-command","agree","one-shot","one-shot","agree","caller-owned-value","caller-owned-value","agree","provider-direct-durable","provider-direct-durable","agree","provider-direct-durable","provider-direct-durable","agree","provider-native","provider-native","agree","official-upstream","upstream-documentation+recorded-execution","established","established","ship","ship","agree","source-exact-bun-1.3.14","uncommitted","not-started","partially-implemented","receipt-bounded-not-certified","not-certified","E-BUN-013;E-BUN-023;E-BUN-024;E-BUN-025","EC-BUN-DOC;EC-BUN-RECEIPT-PROVIDER","OP-BUN-009","OP-BUN-009;B04;B07","effect-build-bun./BuildCommandToDirectory#buildToDirectory","agree after provider-verb and evidence-coordinate normalization; retain primary exact ship/defer/reject and proposed surface columns","partial writes; replacement; signal remnants"
"CMP-CAN-BUN-010","CAN-BUN-010","CO-BUN-10","bun","build-watch","build-watch","selected-command","selected-command","agree","scoped-process","scoped-process","agree","long-lived-handle","long-lived-handle","agree","provider-direct-durable","provider-direct-durable","agree","provider-direct-durable","provider-direct-durable","agree","provider-native","provider-native","agree","official-upstream","upstream-documentation+recorded-execution","established","established","ship","ship","agree","source-exact-bun-1.3.14","uncommitted","not-started","not-implemented","receipt-bounded-not-certified","not-certified","E-BUN-014;E-BUN-026","EC-BUN-DOC;EC-BUN-RECEIPT-PROVIDER","OP-BUN-010","OP-BUN-010;B05","effect-build-bun./BuildWatchCommand#watch","agree after provider-verb and evidence-coordinate normalization; retain primary exact ship/defer/reject and proposed surface columns","readiness; recovery; subtree termination; remnants"
"CMP-CAN-BUN-011","CAN-BUN-011","CO-BUN-11","bun","compile-executable","compile-executable","host-api","host-api","agree","one-shot","one-shot","agree","caller-owned-value","caller-owned-value","agree","provider-direct-durable","provider-direct-durable","agree","provider-direct-durable","provider-direct-durable","agree","provider-native","provider-native","agree","official-upstream","upstream-declaration+documentation+recorded-execution","established","established","ship","ship","agree","source-exact-bun-1.3.14","uncommitted","not-started","not-implemented","receipt-bounded-not-certified","not-certified","E-BUN-015;E-BUN-016;E-BUN-021","EC-BUN-SRC;EC-BUN-DOC;EC-BUN-RECEIPT-HOSTAPI","OP-BUN-011","OP-BUN-011;B09;B10","effect-build-bun./CompileExecutableApi#compileExecutableDirect","agree after provider-verb and evidence-coordinate normalization; retain primary exact ship/defer/reject and proposed surface columns","target matrix; acquisition; interruption remnants"
"CMP-CAN-BUN-012","CAN-BUN-012","CO-BUN-12","bun","compile-executable","compile-executable","selected-command","selected-command","agree","one-shot","one-shot","agree","caller-owned-value","caller-owned-value","agree","provider-direct-durable","provider-direct-durable","agree","atomic-published-durable","atomic-published-durable","agree","product-wrapper-over-provider-command","product-wrapper-over-provider-command","agree","official-upstream","upstream-documentation+recorded-execution+effect-build-implementation","established","established","ship","ship","agree","current-package-bun-1.3.9-only","current package supports exact Bun 1.3.9 pin only","implemented-0.3-predecessor","implemented","not-certified","not-certified","E-BUN-017;E-BUN-027;E-EB-001","EC-BUN-DOC;EC-BUN-RECEIPT-PROVIDER;EC-EB-IMPL","OP-BUN-012;OP-BUN-013","OP-BUN-012;OP-BUN-013;B09","effect-build-bun./CompileExecutable#compileExecutable","adopt-shadow: merge raw selected invocation and staged wrapper; record provider-direct publication separately from atomic public contract","target matrix; acquisition; interruption and publication certification"
"CMP-CAN-BUN-014","CAN-BUN-014","CO-BUN-13","bun","plugin-register-global","plugin-register-global","host-api","host-api","agree","one-shot","one-shot","agree","caller-owned-value","none","different-resolved","none","none","agree","none","none","agree","provider-native","provider-native","agree","official-upstream","upstream-declaration+documentation","established","established","reject","reject","agree","source-exact-bun-1.3.14","none","not-started","not-implemented","source-only-not-certified","not-certified","E-BUN-018","EC-BUN-SRC;EC-BUN-DOC","OP-BUN-014","OP-BUN-014;B06","no-export-rejected","retain-primary-resource: R2 records the caller-owned setup return; both syntheses reject the ambient mutation","none; rejection is architectural"
"CMP-CAN-BUN-015","CAN-BUN-015","CO-BUN-14","bun","plugin-clear-global","plugin-clear-global","host-api","host-api","agree","one-shot","one-shot","agree","none","none","agree","none","none","agree","none","none","agree","provider-native","provider-native","agree","official-upstream","upstream-declaration","established","established","reject","reject","agree","source-exact-bun-1.3.14","none","not-started","not-implemented","source-only-not-certified","not-certified","E-BUN-019","EC-BUN-SRC","OP-BUN-015","OP-BUN-015","no-export-rejected","agree after provider-verb and evidence-coordinate normalization; retain primary exact ship/defer/reject and proposed surface columns","none; rejection is architectural"
"CMP-CAN-DENO-001","CAN-DENO-001","CO-DEN-01","deno","bundle-memory","bundle-memory","host-api","host-api","agree","one-shot","one-shot","agree","caller-owned-value","caller-owned-value","agree","none","none","agree","none","none","agree","provider-native","provider-native","agree","official-upstream","official-upstream tagged source v2.9.5","established","established","defer","defer","agree","exact-identity-unadmitted-pending-execution","exact identities only; unadmitted until execution","not-started","not-implemented","not-certified","not-certified","DENO-EV-001;DENO-EV-012","EC-DEN-SRC;EC-DEN-RECEIPT","DENO-OP-001","DENO-OP-001;D01;D10","no-export-deferred","agree after provider-verb and evidence-coordinate normalization; retain primary exact ship/defer/reject and proposed surface columns","permission and interruption execution"
"CMP-CAN-DENO-002","CAN-DENO-002","CO-DEN-02","deno","bundle-direct-write","bundle-direct-write","host-api","host-api","agree","one-shot","one-shot","agree","caller-owned-value","caller-owned-value","agree","provider-direct-durable","provider-direct-durable","agree","provider-direct-durable","provider-direct-durable","agree","provider-native","provider-native","agree","official-upstream","official-upstream tagged source v2.9.5","established","established","defer","defer","agree","exact-identity-unadmitted-pending-execution","exact identities only","not-started","not-implemented","not-certified","not-certified","DENO-EV-001;DENO-EV-012","EC-DEN-SRC","DENO-OP-002","DENO-OP-002;D02","no-export-deferred","agree after provider-verb and evidence-coordinate normalization; retain primary exact ship/defer/reject and proposed surface columns","permission matrix; partial writes; remnants"
"CMP-CAN-DENO-003","CAN-DENO-003","CO-DEN-03","deno","bundle-stdout","bundle-stdout","selected-command","selected-command","agree","one-shot","one-shot","agree","caller-owned-value","caller-owned-value","agree","none","none","agree","none","none","agree","provider-native","provider-native","agree","official-upstream","official-upstream tagged source v2.9.5","established","established","defer","defer","agree","exact-identity-unadmitted-pending-execution","exact identities only","not-started","not-implemented","not-certified","not-certified","DENO-EV-002","EC-DEN-SRC","DENO-OP-003","DENO-OP-003;D03","no-export-deferred","agree after provider-verb and evidence-coordinate normalization; retain primary exact ship/defer/reject and proposed surface columns","framing; stderr; bounds; interruption"
"CMP-CAN-DENO-004","CAN-DENO-004","CO-DEN-04","deno","bundle-direct-write","bundle-direct-write","selected-command","selected-command","agree","one-shot","one-shot","agree","caller-owned-value","caller-owned-value","agree","provider-direct-durable","provider-direct-durable","agree","provider-direct-durable","provider-direct-durable","agree","provider-native","provider-native","agree","official-upstream","official-upstream tagged source v2.9.5","established","established","defer","defer","agree","exact-identity-unadmitted-pending-execution","exact identities only","not-started","not-implemented","not-certified","not-certified","DENO-EV-002","EC-DEN-SRC;EC-DEN-RECEIPT","DENO-OP-004","DENO-OP-004;D04","no-export-deferred","agree after provider-verb and evidence-coordinate normalization; retain primary exact ship/defer/reject and proposed surface columns","partial writes and project precedence execution"
"CMP-CAN-DENO-005","CAN-DENO-005","CO-DEN-05","deno","bundle-watch","bundle-watch","selected-command","selected-command","agree","scoped-process","scoped-process","agree","long-lived-handle","long-lived-handle","agree","provider-direct-durable","provider-direct-durable","agree","provider-direct-durable","provider-direct-durable","agree","provider-native","provider-native","agree","official-upstream","official-upstream tagged source v2.9.5","established","established","defer","defer","agree","exact-identity-unadmitted-pending-execution","exact identities only","not-started","not-implemented","not-certified","not-certified","DENO-EV-002","EC-DEN-SRC","DENO-OP-005","DENO-OP-005;D05","no-export-deferred","agree after provider-verb and evidence-coordinate normalization; retain primary exact ship/defer/reject and proposed surface columns","rebuild recovery; termination; reaping; remnants"
"CMP-CAN-DENO-006","CAN-DENO-006","CO-DEN-06","deno","bundle-declarations-direct-write","bundle-declarations","selected-command","selected-command","agree","one-shot","one-shot","agree","caller-owned-value","caller-owned-value","agree","provider-direct-durable","provider-direct-durable","agree","provider-direct-durable","provider-direct-durable","agree","provider-native","provider-native","agree","official-upstream","official-upstream tagged source v2.9.5","established","established","defer","defer","agree","exact-identity-unadmitted-pending-execution","exact identities only","not-started","not-implemented","not-certified","not-certified","DENO-EV-002","EC-DEN-SRC","DENO-OP-006","DENO-OP-006;D06","no-export-deferred","agree after provider-verb and evidence-coordinate normalization; retain primary exact ship/defer/reject and proposed surface columns","closure and output topology"
"CMP-CAN-DENO-007","CAN-DENO-007","CO-DEN-07","deno","transpile-stdout","transpile-stdout","selected-command","selected-command","agree","one-shot","one-shot","agree","caller-owned-value","caller-owned-value","agree","none","none","agree","none","none","agree","provider-native","provider-native","agree","official-upstream","official-upstream tagged source v2.9.5","established","established","ship","ship","agree","support-cells-pending-execution","support cells pending execution","not-started","not-implemented","not-certified","not-certified","DENO-EV-003","EC-DEN-SRC","DENO-OP-007","DENO-OP-007","effect-build-deno./TranspileCommand#transpile","agree after provider-verb and evidence-coordinate normalization; retain primary exact ship/defer/reject and proposed surface columns","collection bounds and diagnostics execution"
"CMP-CAN-DENO-008","CAN-DENO-008","CO-DEN-08","deno","transpile-direct-write","transpile-direct-write","selected-command","selected-command","agree","one-shot","one-shot","agree","caller-owned-value","caller-owned-value","agree","provider-direct-durable","provider-direct-durable","agree","provider-direct-durable","provider-direct-durable","agree","provider-native","provider-native","agree","official-upstream","official-upstream tagged source v2.9.5","established","established","ship","ship","agree","support-cells-pending-execution","support cells pending execution","not-started","not-implemented","not-certified","not-certified","DENO-EV-003","EC-DEN-SRC","DENO-OP-008","DENO-OP-008","effect-build-deno./TranspileCommandToDirectory#transpileToDirectory","agree after provider-verb and evidence-coordinate normalization; retain primary exact ship/defer/reject and proposed surface columns","interruption and map remnants"
"CMP-CAN-DENO-009","CAN-DENO-009","CO-DEN-09","deno","transpile-declarations-direct-write","transpile-declarations","selected-command","selected-command","agree","one-shot","one-shot","agree","caller-owned-value","caller-owned-value","agree","provider-direct-durable","provider-direct-durable","agree","provider-direct-durable","provider-direct-durable","agree","provider-native","provider-native","agree","official-upstream","official-upstream tagged source v2.9.5","established","established","ship","ship","agree","support-cells-pending-execution","support cells pending execution","not-started","not-implemented","not-certified","not-certified","DENO-EV-003","EC-DEN-SRC","DENO-OP-009","DENO-OP-009","effect-build-deno./TranspileDeclarationsCommand#emitDeclarations","agree after provider-verb and evidence-coordinate normalization; retain primary exact ship/defer/reject and proposed surface columns","declaration failure and topology"
"CMP-CAN-DENO-010","CAN-DENO-010","CO-DEN-10","deno","compile-executable","compile-executable","selected-command","selected-command","agree","one-shot","one-shot","agree","caller-owned-value","caller-owned-value","agree","provider-direct-durable","provider-direct-durable","agree","atomic-published-durable","atomic-published-durable","agree","product-wrapper-over-provider-command","product-wrapper-over-provider-command","agree","official-upstream","official-upstream tagged source v2.9.5 + released wrapper","established","established","ship","ship","agree","support-cells-pending-execution","support cells pending target/acquisition execution","released-predecessor-0.4-not-started","released predecessor; 0.4 not-started","not-certified","not-certified","DENO-EV-004;DENO-EV-005;DENO-EV-006;DENO-EV-007;DENO-EV-008;DENO-EV-009;DENO-EV-010;DENO-EV-013","EC-DEN-SRC;EC-DEN-TARGETS;EC-CM-COMPILE","DENO-OP-010","DENO-OP-010;D07;D08","effect-build-deno./CompileExecutable#compileExecutable","adopt-shadow: native output is provider-direct until proved; the product wrapper alone promises atomic replacement","host-target; cache/offline; denort relation; runtime"
"CMP-CAN-DENO-011","CAN-DENO-011","CO-DEN-11","deno","compile-watch","compile-watch","selected-command","selected-command","agree","scoped-process","scoped-process","agree","long-lived-handle","long-lived-handle","agree","provider-direct-durable","provider-direct-durable","agree","provider-direct-durable","provider-direct-durable","agree","provider-native","provider-native","agree","official-upstream","official-upstream tagged source v2.9.5","established","established","defer","defer","agree","exact-identity-unadmitted-pending-execution","uncommitted","not-started","not-implemented","not-certified","not-certified","DENO-EV-004","EC-DEN-SRC","DENO-OP-011","DENO-OP-011","no-export-deferred","agree after provider-verb and evidence-coordinate normalization; retain primary exact ship/defer/reject and proposed surface columns","coalescing; termination; reaping; remnants"
"CMP-CAN-ESB-001","CAN-ESB-001","CO-ESB-01","esbuild","build-memory","build-memory","in-process-api","in-process-api","agree","one-shot","one-shot","agree","caller-owned-value","caller-owned-value","agree","none","none","agree","none","none","agree","provider-native","provider-native","agree","official-upstream","package+tagged-source 0.28.2","established","established","ship","ship","agree","uncommitted-pending-d9-exact-identity","uncommitted","not-started","not-implemented","not-certified","not-certified","EV-ESB-002;EV-ESB-003;EV-ESB-009;EV-ESB-021;EV-ESB-023","EC-ESB-PKG;EC-ESB-SRC;EC-ESB-RECEIPT","ESB-OP-01","ESB-OP-01;E01","effect-build-esbuild./Build#build","agree after provider-verb and evidence-coordinate normalization; retain primary exact ship/defer/reject and proposed surface columns","one-shot provider continuation after interruption"
"CMP-CAN-ESB-002","CAN-ESB-002","CO-ESB-02","esbuild","build-direct-write","build-direct-write","in-process-api","in-process-api","agree","one-shot","one-shot","agree","caller-owned-value","caller-owned-value","agree","provider-direct-durable","provider-direct-durable","agree","provider-direct-durable","provider-direct-durable","agree","provider-native","provider-native","agree","official-upstream","package+tagged-source 0.28.2","established","established","ship","ship","agree","uncommitted-pending-d9-exact-identity","uncommitted","not-started","not-implemented","not-certified","not-certified","EV-ESB-002;EV-ESB-003;EV-ESB-014;EV-ESB-023","EC-ESB-PKG;EC-ESB-SRC;EC-ESB-CHANGELOG","ESB-OP-02","ESB-OP-02;E01","effect-build-esbuild./BuildToDirectory#buildToDirectory","agree after provider-verb and evidence-coordinate normalization; retain primary exact ship/defer/reject and proposed surface columns","partial writes and interruption remnants"
"CMP-CAN-ESB-003","CAN-ESB-003","CO-ESB-03","esbuild","transform","transform","in-process-api","in-process-api","agree","one-shot","one-shot","agree","caller-owned-value","caller-owned-value","agree","none","none","agree","none","none","agree","provider-native","provider-native","agree","official-upstream","package+tagged-source 0.28.2","established","established","ship","ship","agree","uncommitted-pending-d9-exact-identity","uncommitted","not-started","not-implemented","not-certified","not-certified","EV-ESB-002;EV-ESB-003;EV-ESB-009;EV-ESB-023","EC-ESB-PKG;EC-ESB-SRC","ESB-OP-03","ESB-OP-03;E02","effect-build-esbuild./Transform#transform","agree after provider-verb and evidence-coordinate normalization; retain primary exact ship/defer/reject and proposed surface columns","large-input temporary-file cleanup"
"CMP-CAN-ESB-004","CAN-ESB-004","CO-ESB-04","esbuild","analyze-metafile","analyze-metafile","in-process-api","in-process-api","agree","one-shot","one-shot","agree","caller-owned-value","caller-owned-value","agree","none","none","agree","none","none","agree","provider-native","provider-native","agree","official-upstream","package+tagged-source 0.28.2","established","established","ship","ship","agree","uncommitted-pending-d9-exact-identity","uncommitted","not-started","not-implemented","not-certified","not-certified","EV-ESB-002;EV-ESB-003;EV-ESB-016;EV-ESB-023","EC-ESB-PKG;EC-ESB-SRC","ESB-OP-04","ESB-OP-04;E10","effect-build-esbuild./AnalyzeMetafile#analyzeMetafile","agree after provider-verb and evidence-coordinate normalization; retain primary exact ship/defer/reject and proposed surface columns","runtime rendering receipt"
"CMP-CAN-ESB-005","CAN-ESB-005","CO-ESB-05","esbuild","format-messages","format-messages","in-process-api","in-process-api","agree","one-shot","one-shot","agree","caller-owned-value","caller-owned-value","agree","none","none","agree","none","none","agree","provider-native","provider-native","agree","official-upstream","package+tagged-source 0.28.2","established","established","ship","ship","agree","uncommitted-pending-d9-exact-identity","uncommitted","not-started","not-implemented","not-certified","not-certified","EV-ESB-002;EV-ESB-003;EV-ESB-014","EC-ESB-PKG;EC-ESB-SRC","ESB-OP-05","ESB-OP-05","effect-build-esbuild./FormatMessages#formatMessages","agree after provider-verb and evidence-coordinate normalization; retain primary exact ship/defer/reject and proposed surface columns","runtime rendering receipt"
"CMP-CAN-ESB-006","CAN-ESB-006","CO-ESB-06","esbuild","build-memory-sync","build-memory-sync","in-process-api","in-process-api","agree","one-shot","one-shot","agree","caller-owned-value","caller-owned-value","agree","none","none","agree","none","none","agree","provider-native","provider-native","agree","official-upstream","package+tagged-source 0.28.2","established","established","reject","reject","agree","not-committed","none","not-started","not-implemented","not-certified","not-certified","EV-ESB-002;EV-ESB-003;EV-ESB-012;EV-ESB-013","EC-ESB-PKG;EC-ESB-SRC","ESB-OP-06","ESB-OP-06","no-export-rejected","agree after provider-verb and evidence-coordinate normalization; retain primary exact ship/defer/reject and proposed surface columns","none; rejection is architectural"
"CMP-CAN-ESB-007","CAN-ESB-007","CO-ESB-07","esbuild","build-direct-write-sync","build-direct-write-sync","in-process-api","in-process-api","agree","one-shot","one-shot","agree","caller-owned-value","caller-owned-value","agree","provider-direct-durable","provider-direct-durable","agree","provider-direct-durable","provider-direct-durable","agree","provider-native","provider-native","agree","official-upstream","package+tagged-source 0.28.2","established","established","reject","reject","agree","not-committed","none","not-started","not-implemented","not-certified","not-certified","EV-ESB-002;EV-ESB-003;EV-ESB-012;EV-ESB-013","EC-ESB-PKG;EC-ESB-SRC","ESB-OP-07","ESB-OP-07","no-export-rejected","agree after provider-verb and evidence-coordinate normalization; retain primary exact ship/defer/reject and proposed surface columns","none; rejection is architectural"
"CMP-CAN-ESB-008","CAN-ESB-008","CO-ESB-08","esbuild","transform-sync","transform-sync","in-process-api","in-process-api","agree","one-shot","one-shot","agree","caller-owned-value","caller-owned-value","agree","none","none","agree","none","none","agree","provider-native","provider-native","agree","official-upstream","package+tagged-source 0.28.2","established","established","reject","reject","agree","not-committed","none","not-started","not-implemented","not-certified","not-certified","EV-ESB-002;EV-ESB-003;EV-ESB-012;EV-ESB-013","EC-ESB-PKG;EC-ESB-SRC","ESB-OP-08","ESB-OP-08","no-export-rejected","agree after provider-verb and evidence-coordinate normalization; retain primary exact ship/defer/reject and proposed surface columns","none; rejection is architectural"
"CMP-CAN-ESB-009","CAN-ESB-009","CO-ESB-09","esbuild","analyze-metafile-sync","analyze-metafile-sync","in-process-api","in-process-api","agree","one-shot","one-shot","agree","caller-owned-value","caller-owned-value","agree","none","none","agree","none","none","agree","provider-native","provider-native","agree","official-upstream","package+tagged-source 0.28.2","established","established","reject","reject","agree","not-committed","none","not-started","not-implemented","not-certified","not-certified","EV-ESB-002;EV-ESB-003;EV-ESB-012;EV-ESB-013","EC-ESB-PKG;EC-ESB-SRC","ESB-OP-09","ESB-OP-09","no-export-rejected","agree after provider-verb and evidence-coordinate normalization; retain primary exact ship/defer/reject and proposed surface columns","none; rejection is architectural"
"CMP-CAN-ESB-010","CAN-ESB-010","CO-ESB-10","esbuild","format-messages-sync","format-messages-sync","in-process-api","in-process-api","agree","one-shot","one-shot","agree","caller-owned-value","caller-owned-value","agree","none","none","agree","none","none","agree","provider-native","provider-native","agree","official-upstream","package+tagged-source 0.28.2","established","established","reject","reject","agree","not-committed","none","not-started","not-implemented","not-certified","not-certified","EV-ESB-002;EV-ESB-003;EV-ESB-012;EV-ESB-013","EC-ESB-PKG;EC-ESB-SRC","ESB-OP-10","ESB-OP-10","no-export-rejected","agree after provider-verb and evidence-coordinate normalization; retain primary exact ship/defer/reject and proposed surface columns","none; rejection is architectural"
"CMP-CAN-ESB-011","CAN-ESB-011","CO-ESB-11","esbuild","context-memory","context-memory","in-process-api","in-process-api","agree","scoped-context","scoped-context","agree","long-lived-handle","long-lived-handle","agree","none","none","agree","none","none","agree","provider-native","provider-native","agree","official-upstream","package+tagged-source 0.28.2 + recorded 0.28.1/0.28.2 lifecycle","established","established","ship","ship","agree","uncommitted-pending-d9-exact-identity","uncommitted","not-started","not-implemented","not-certified","not-certified","EV-ESB-002;EV-ESB-003;EV-ESB-009;EV-ESB-013;EV-ESB-021;EV-ESB-022;EV-ESB-023","EC-ESB-PKG;EC-ESB-SRC;EC-ESB-RECEIPT","ESB-OP-11","ESB-OP-11;E03;E04;E05;E06;E07;E08","effect-build-esbuild./Context#make","agree after provider-verb and evidence-coordinate normalization; retain primary exact ship/defer/reject and proposed surface columns","race matrix; post-dispose; delayed plugin cleanup"
"CMP-CAN-ESB-012","CAN-ESB-012","CO-ESB-12","esbuild","context-direct-write","context-direct-write","in-process-api","in-process-api","agree","scoped-context","scoped-context","agree","long-lived-handle","long-lived-handle","agree","provider-direct-durable","provider-direct-durable","agree","provider-direct-durable","provider-direct-durable","agree","provider-native","provider-native","agree","official-upstream","package+tagged-source 0.28.2","established","established","ship","ship","agree","uncommitted-pending-d9-exact-identity","uncommitted","not-started","not-implemented","not-certified","not-certified","EV-ESB-002;EV-ESB-003;EV-ESB-023","EC-ESB-PKG;EC-ESB-SRC","ESB-OP-12","ESB-OP-12;E03","effect-build-esbuild./ContextToDirectory#make","agree after provider-verb and evidence-coordinate normalization; retain primary exact ship/defer/reject and proposed surface columns","context races and mixed-generation remnants"
"CMP-CAN-ESB-013","CAN-ESB-013","CO-ESB-13","esbuild","stop-shared-service","stop-shared-service","in-process-api","in-process-api","agree","one-shot","one-shot","agree","none","none","agree","none","none","agree","none","none","agree","provider-native","provider-native","agree","official-upstream","package+tagged-source 0.28.2","established","established","reject","reject","agree","not-committed","none","not-started","not-implemented","not-certified","not-certified","EV-ESB-002;EV-ESB-003;EV-ESB-012;EV-ESB-013","EC-ESB-PKG;EC-ESB-SRC","ESB-OP-13","ESB-OP-13;E12","no-export-rejected","agree after provider-verb and evidence-coordinate normalization; retain primary exact ship/defer/reject and proposed surface columns","none; rejection is ownership law"
"CMP-CAN-ESB-014","CAN-ESB-014","CO-ESB-14","esbuild","initialize-shared-service","initialize-shared-service","in-process-api","in-process-api","agree","one-shot","one-shot","agree","none","none","agree","none","none","agree","none","none","agree","provider-native","provider-native","agree","official-upstream","package+tagged-source 0.28.2","established","established","reject","reject","agree","not-committed","none","not-started","not-implemented","not-certified","not-certified","EV-ESB-002;EV-ESB-003;EV-ESB-012;EV-ESB-013","EC-ESB-PKG;EC-ESB-SRC","ESB-OP-14","ESB-OP-14","no-export-rejected","agree after provider-verb and evidence-coordinate normalization; retain primary exact ship/defer/reject and proposed surface columns","none; rejection is ownership law"
"CMP-CAN-ESB-015","CAN-ESB-015","CO-ESB-15","esbuild","build-stdout","build-stdout","selected-command","selected-command","agree","one-shot","one-shot","agree","caller-owned-value","caller-owned-value","agree","none","none","agree","none","none","agree","provider-native","provider-native","agree","official-upstream","package+recorded --version/--help at linux-x64","established","established","ship","ship","agree","uncommitted-pending-d9-exact-identity","uncommitted","not-started","not-implemented","not-certified","not-certified","EV-ESB-006;EV-ESB-016;EV-ESB-023;EV-ESB-024","EC-ESB-PKG;EC-ESB-CLI-EXEC","ESB-OP-15","ESB-OP-15;E11","effect-build-esbuild./BuildCommand#build","agree after provider-verb and evidence-coordinate normalization; retain primary exact ship/defer/reject and proposed surface columns","bounds; bin form; signal and reaping"
"CMP-CAN-ESB-016","CAN-ESB-016","CO-ESB-16","esbuild","build-direct-write","build-direct-write","selected-command","selected-command","agree","one-shot","one-shot","agree","caller-owned-value","caller-owned-value","agree","provider-direct-durable","provider-direct-durable","agree","provider-direct-durable","provider-direct-durable","agree","provider-native","provider-native","agree","official-upstream","package+recorded CLI surface","established","established","ship","ship","agree","uncommitted-pending-d9-exact-identity","uncommitted","not-started","not-implemented","not-certified","not-certified","EV-ESB-006;EV-ESB-016;EV-ESB-023;EV-ESB-024","EC-ESB-PKG;EC-ESB-CLI-EXEC","ESB-OP-16","ESB-OP-16;E11","effect-build-esbuild./BuildCommandToDirectory#buildToDirectory","agree after provider-verb and evidence-coordinate normalization; retain primary exact ship/defer/reject and proposed surface columns","partial writes; bin form; signal and reaping"
"CMP-CAN-ESB-017","CAN-ESB-017","CO-ESB-17","esbuild","build-watch","build-watch","selected-command","selected-command","agree","scoped-process","scoped-process","agree","long-lived-handle","long-lived-handle","agree","provider-direct-durable","provider-direct-durable","agree","provider-direct-durable","provider-direct-durable","agree","provider-native","provider-native","agree","official-upstream","package+recorded CLI surface","established","established","ship","ship","agree","uncommitted-pending-d9-exact-identity","uncommitted","not-started","not-implemented","not-certified","not-certified","EV-ESB-006;EV-ESB-016;EV-ESB-023","EC-ESB-PKG;EC-ESB-CLI-EXEC","ESB-OP-17","ESB-OP-17;E11","effect-build-esbuild./BuildWatchCommand#watch","agree after provider-verb and evidence-coordinate normalization; retain primary exact ship/defer/reject and proposed surface columns","termination choice; descendants; remnants"
"CMP-CAN-ESB-018","CAN-ESB-018","CO-ESB-18","esbuild","serve","serve","selected-command","selected-command","agree","scoped-process","scoped-process","agree","long-lived-handle","long-lived-handle","agree","none","none","agree","none","none","agree","provider-native","provider-native","agree","official-upstream","package+recorded CLI surface","established","established","defer","defer","agree","uncommitted-pending-d9-exact-identity","uncommitted","not-started","not-implemented","not-certified","not-certified","EV-ESB-006;EV-ESB-016;EV-ESB-019;EV-ESB-023","EC-ESB-PKG;EC-ESB-CLI-EXEC;EC-CM-HOLE-SERVE","ESB-OP-18","ESB-OP-18;E11","no-export-deferred","agree after provider-verb and evidence-coordinate normalization; retain primary exact ship/defer/reject and proposed surface columns","machine-readable address or fixed-port decision; lifecycle"
"CMP-CAN-ESB-019","CAN-ESB-019","CO-ESB-19","esbuild","build-host-stdout","build-host-stdout","in-process-api","in-process-api","agree","one-shot","one-shot","agree","none","none","agree","none","none","agree","none","none","agree","provider-native","provider-native","agree","official-upstream","package+tagged-source 0.28.2","established","established","reject","reject","agree","not-committed","none","not-started","not-implemented","not-certified","not-certified","EV-ESB-003","EC-ESB-SRC","ESB-OP-19","ESB-OP-19","no-export-rejected","agree after provider-verb and evidence-coordinate normalization; retain primary exact ship/defer/reject and proposed surface columns","exact typed preflight set"
"CMP-CAN-NODE-001","CAN-NODE-001","CO-SEA-01","node-sea","assemble-direct","assemble-direct","selected-command","selected-command","agree","one-shot","one-shot","agree","caller-owned-value","caller-owned-value","agree","provider-direct-durable","provider-direct-durable","agree","atomic-published-durable","atomic-published-durable","agree","product-wrapper-over-provider-command","product-wrapper-over-provider-command","agree","official-upstream-and-repository-law","official upstream v26.7.0 tagged docs/source + repository law","advertised-shape-established","established","ship","ship","agree","operation-identity-ships-support-cells-unadmitted","identity ships; support cells unadmitted","not-implemented","not-implemented","runtime-proof-pending","not-certified","E-NODE-DIRECT;E-NODE-26-DOC-CONFIG;E-NODE-26-SRC-BIN;E-NODE-26-SRC-SEA;E-CORPUS-PREFLIGHT;E-CORPUS-APPLE","EC-SEA-DOC;EC-SEA-SRC;EC-CM-SEA","NODE-SEA-DIRECT","NODE-SEA-DIRECT;S01","effect-build-node-sea./AssembleDirect#assembleDirect","adopt-shadow: separate provider-direct candidate write from wrapper-owned atomic contract","exact binary capability; host-target and runtime matrix"
"CMP-CAN-NODE-002","CAN-NODE-002","CO-SEA-02","node-sea","generate-preparation-blob","generate-preparation-blob","selected-command","selected-command","agree","one-shot","one-shot","agree","scope-borrowed-value","scope-borrowed-value","agree","none","none","agree","none","none","agree","product-wrapper-over-provider-command","product-wrapper-over-provider-command","agree","official-upstream-and-repository-law","official upstream versioned docs + commit ledger","advertised-shape-established","established","ship","ship","agree","operation-identity-ships-support-cells-unadmitted","identity ships; exact cells unadmitted","not-implemented","not-implemented","runtime-proof-pending","not-certified","E-NODE-BLOB-JSON;E-NODE-26-DOC-LEGACY;E-NODE-24-DOC;E-NODE-22-DOC;E-CORPUS-OWNERSHIP;E-CORPUS-PREFLIGHT","EC-SEA-DOC;EC-SEA-COMMITS","NODE-SEA-LEGACY-BLOB","NODE-SEA-LEGACY-BLOB;S08","internal-stage-no-public-export","agree-shadow: canonical internal command-stage identity; no independent public export because its value is scope-borrowed","generator/base relations; cleanup and interruption"
"CMP-CAN-NODE-003","CAN-NODE-003","CO-SEA-03","node-sea","inject-preparation-blob","inject-preparation-blob","selected-command","selected-command","agree","one-shot","one-shot","agree","caller-owned-value","caller-owned-value","agree","provider-direct-durable","provider-direct-durable","agree","atomic-published-durable","atomic-published-durable","agree","product-wrapper-over-provider-command","product-wrapper-over-provider-command","agree","official-upstream-and-repository-law","official upstream versioned docs + repository law","advertised-shape-established","established","ship","ship","agree","operation-identity-ships-support-cells-unadmitted","identity ships; no injector/target cells admitted","not-implemented","not-implemented","runtime-proof-pending","not-certified","E-NODE-26-DOC-LEGACY;E-NODE-26-DOC-PLATFORMS;E-NODE-26-DOC-LOADER;E-CORPUS-ADMISS;E-CORPUS-PREFLIGHT;E-CORPUS-APPLE","EC-SEA-DOC;EC-SEA-COMMITS;EC-CM-SEA","NODE-SEA-LEGACY-INJECT","NODE-SEA-LEGACY-INJECT;S08","effect-build-node-sea./AssembleLegacy#assembleLegacy","adopt-shadow: separate injector direct write from AssembleLegacy atomic public contract","injector candidate; target matrix; lifecycle"
"CMP-CAN-ROL-001","CAN-ROL-001","CO-ROL-01","rolldown","acquire-reusable-build","build-context","in-process-api","in-process-api","agree","scoped-context","scoped-context","agree","long-lived-handle","long-lived-handle","agree","none","none","agree","none","none","agree","provider-native","provider-native","agree","official-upstream","tagged source v1.2.4 + archived exact receipt","established","established","defer","ship","different-resolved","exact-v1.2.4-unadmitted","uncommitted","not-started","not-implemented","source-only-not-certified","not-certified","E-ROL-ACQUIRE;E-ROL-HANDLE;E-ROL-INPUT;E-EB-GATES","EC-ROL-SRC;EC-ROL-RECEIPT","OP-ROL-001","OP-ROL-001;OP-ROL-004","no-export-deferred","adopt-shadow: close-reusable-build is a release sub-operation; primary keeps D15 package gate as defer rather than shadow ship-identity","concurrency and release law"
"CMP-CAN-ROL-002","CAN-ROL-002","CO-ROL-02","rolldown","generate","context-generate","in-process-api","in-process-api","agree","scoped-context","scoped-context","agree","caller-owned-value","caller-owned-value","agree","none","none","agree","none","none","agree","provider-native","provider-native","agree","official-upstream","tagged source v1.2.4 + archived narrow generate/close seed","established","established","defer","ship","different-resolved","exact-v1.2.4-unadmitted","uncommitted","not-started","not-implemented","narrow-receipt-not-certified","not-certified","E-ROL-HANDLE;E-ROL-OUTPUT-TYPES;E-ROL-OUTPUT-IMPL;E-ROL-EXTMEM;E-EB-RECEIPT","EC-ROL-SRC;EC-ROL-RECEIPT","OP-ROL-002","OP-ROL-002","no-export-deferred","retain-primary-disposition: R2 package_gate is defer; narrow seed is evidence but not package-gate closure","repeatability; concurrent use; external memory"
"CMP-CAN-ROL-003","CAN-ROL-003","CO-ROL-03","rolldown","write","context-write","in-process-api","in-process-api","agree","scoped-context","scoped-context","agree","caller-owned-value","caller-owned-value","agree","provider-direct-durable","provider-direct-durable","agree","provider-direct-durable","provider-direct-durable","agree","provider-native","provider-native","agree","official-upstream","tagged source v1.2.4","established","established","defer","defer","agree","exact-v1.2.4-unadmitted","uncommitted","not-started","not-implemented","source-only-not-certified","not-certified","E-ROL-HANDLE;E-ROL-OUTPUT-OPTIONS;E-ROL-OUTPUT-TYPES;E-ROL-PLUGIN;E-EB-LIFE","EC-ROL-SRC","OP-ROL-003","OP-ROL-003","no-export-deferred","agree after provider-verb and evidence-coordinate normalization; retain primary exact ship/defer/reject and proposed surface columns","collisions; interruption; remnants"
"CMP-CAN-ROL-005","CAN-ROL-005","CO-ROL-04","rolldown","build-one-shot-generate","build-memory","in-process-api","in-process-api","agree","one-shot","one-shot","agree","caller-owned-value","caller-owned-value","agree","none","none","agree","none","none","agree","provider-native","provider-native","agree","official-upstream","tagged source v1.2.4","established","established","defer","defer","agree","exact-v1.2.4-unadmitted","uncommitted","not-started","not-implemented","source-only-not-certified","not-certified","E-ROL-BUILD;E-ROL-HANDLE;E-ROL-OUTPUT-IMPL","EC-ROL-SRC","OP-ROL-005","OP-ROL-005","no-export-deferred","agree after provider-verb and evidence-coordinate normalization; retain primary exact ship/defer/reject and proposed surface columns","interruption cleanup"
"CMP-CAN-ROL-006","CAN-ROL-006","CO-ROL-05","rolldown","build-one-shot-write","build-direct-write","in-process-api","in-process-api","agree","one-shot","one-shot","agree","caller-owned-value","caller-owned-value","agree","provider-direct-durable","provider-direct-durable","agree","provider-direct-durable","provider-direct-durable","agree","provider-native","provider-native","agree","official-upstream","tagged source v1.2.4","established","established","defer","defer","agree","exact-v1.2.4-unadmitted","uncommitted","not-started","not-implemented","source-only-not-certified","not-certified","E-ROL-BUILD;E-ROL-HANDLE;E-ROL-OUTPUT-OPTIONS;E-EB-LIFE","EC-ROL-SRC","OP-ROL-006","OP-ROL-006","no-export-deferred","agree after provider-verb and evidence-coordinate normalization; retain primary exact ship/defer/reject and proposed surface columns","partial writes and interruption cleanup"
"CMP-CAN-ROL-007","CAN-ROL-007","CO-ROL-06","rolldown","watch-direct-write","watch-direct-write","in-process-api","in-process-api","agree","scoped-context","scoped-context","agree","long-lived-handle","long-lived-handle","agree","provider-direct-durable","provider-direct-durable","agree","provider-direct-durable","provider-direct-durable","agree","provider-native","provider-native","agree","official-upstream","tagged source v1.2.4","established","established","defer","defer","agree","exact-v1.2.4-unadmitted","uncommitted","not-started","not-implemented","source-only-not-certified","not-certified","E-ROL-WATCH-API;E-ROL-WATCH-EVENT;E-ROL-WATCH-IMPL;E-ROL-INPUT","EC-ROL-SRC","OP-ROL-007","OP-ROL-007;OP-ROL-009","no-export-deferred","adopt-shadow: watcher close is a release sub-operation of both publication modes","event order; result close; interruption"
"CMP-CAN-ROL-008","CAN-ROL-008","CO-ROL-07","rolldown","watch-skip-write","watch-skip-write","in-process-api","in-process-api","agree","scoped-context","scoped-context","agree","long-lived-handle","long-lived-handle","agree","none","none","agree","none","none","agree","provider-native","provider-native","agree","official-upstream","tagged source v1.2.4","established","established","defer","defer","agree","exact-v1.2.4-unadmitted","uncommitted","not-started","not-implemented","source-only-not-certified","not-certified","E-ROL-WATCH-API;E-ROL-WATCH-EVENT;E-ROL-WATCH-IMPL;E-ROL-HANDLE","EC-ROL-SRC","OP-ROL-008","OP-ROL-008;OP-ROL-009","no-export-deferred","adopt-shadow: watcher close is a release sub-operation of both publication modes","event order; result close; interruption"
"CMP-CAN-ROL-010","CAN-ROL-010","CO-ROL-08","rolldown","cli-bundle-stdout","cli-build-stdout","selected-command","selected-command","agree","one-shot","one-shot","agree","caller-owned-value","caller-owned-value","agree","none","none","agree","none","none","agree","provider-native","provider-native","agree","official-upstream","tagged source v1.2.4","established","established","defer","defer","agree","exact-v1.2.4-unadmitted","uncommitted","not-started","not-implemented","source-only-not-certified","not-certified","E-ROL-PKG;E-ROL-CLI-BUNDLE;E-ROL-CLI-ARGS;E-ROL-CONFIG","EC-ROL-SRC","OP-ROL-010","OP-ROL-010","no-export-deferred","agree after provider-verb and evidence-coordinate normalization; retain primary exact ship/defer/reject and proposed surface columns","multi-output framing and collection bounds"
"CMP-CAN-ROL-011","CAN-ROL-011","CO-ROL-09","rolldown","cli-bundle-write","cli-build-direct-write","selected-command","selected-command","agree","one-shot","one-shot","agree","caller-owned-value","caller-owned-value","agree","provider-direct-durable","provider-direct-durable","agree","provider-direct-durable","provider-direct-durable","agree","provider-native","provider-native","agree","official-upstream","tagged source v1.2.4","established","established","defer","defer","agree","exact-v1.2.4-unadmitted","uncommitted","not-started","not-implemented","source-only-not-certified","not-certified","E-ROL-CLI-BUNDLE;E-ROL-CLI-ARGS;E-ROL-CONFIG;E-EB-LIFE","EC-ROL-SRC","OP-ROL-011","OP-ROL-011","no-export-deferred","adopt-shadow: command exit/process observation is caller-owned even though provider payload is durable files","partial writes and signal remnants"
"CMP-CAN-ROL-012","CAN-ROL-012","CO-ROL-10","rolldown","cli-watch","cli-watch","selected-command","selected-command","agree","scoped-process","scoped-process","agree","long-lived-handle","long-lived-handle","agree","provider-direct-durable","provider-direct-durable","agree","provider-direct-durable","provider-direct-durable","agree","provider-native","provider-native","agree","official-upstream","tagged source v1.2.4","established","established","defer","defer","agree","exact-v1.2.4-unadmitted","uncommitted","not-started","not-implemented","source-only-not-certified","not-certified","E-ROL-CLI-BUNDLE;E-ROL-WATCH-API;E-ROL-WATCH-IMPL","EC-ROL-SRC","OP-ROL-012","OP-ROL-012","no-export-deferred","agree after provider-verb and evidence-coordinate normalization; retain primary exact ship/defer/reject and proposed surface columns","termination; reaping; remnants"
"CMP-CAN-ROL-013","CAN-ROL-013","CO-ROL-11","rolldown","transform-source","transform","in-process-api","in-process-api","agree","one-shot","one-shot","agree","caller-owned-value","caller-owned-value","agree","none","none","agree","none","none","agree","provider-native","provider-native","agree","official-upstream","tagged source v1.2.4","established","established","defer","defer","agree","exact-v1.2.4-unadmitted","uncommitted","not-started","not-implemented","source-only-not-certified","not-certified","E-ROL-UTILS;E-ROL-TRANSFORM;E-ROL-BINDING-DTS","EC-ROL-SRC","OP-ROL-013","OP-ROL-013","no-export-deferred","agree after provider-verb and evidence-coordinate normalization; retain primary exact ship/defer/reject and proposed surface columns","runtime contract"
"CMP-CAN-ROL-014","CAN-ROL-014","CO-ROL-12","rolldown","parse-source","parse","in-process-api","in-process-api","agree","one-shot","one-shot","agree","caller-owned-value","caller-owned-value","agree","none","none","agree","none","none","agree","provider-native","provider-native","agree","official-upstream","tagged source v1.2.4","established","established","defer","defer","agree","exact-v1.2.4-unadmitted","uncommitted","not-started","not-implemented","source-only-not-certified","not-certified","E-ROL-UTILS;E-ROL-PARSE;E-ROL-PARSE-AST;E-ROL-BINDING-DTS","EC-ROL-SRC","OP-ROL-014","OP-ROL-014","no-export-deferred","agree after provider-verb and evidence-coordinate normalization; retain primary exact ship/defer/reject and proposed surface columns","runtime contract"
"CMP-CAN-ROL-015","CAN-ROL-015","CO-ROL-13","rolldown","minify-source","minify","in-process-api","in-process-api","agree","one-shot","one-shot","agree","caller-owned-value","caller-owned-value","agree","none","none","agree","none","none","agree","provider-native","provider-native","agree","official-upstream","tagged source v1.2.4","established","established","defer","defer","agree","exact-v1.2.4-unadmitted","uncommitted","not-started","not-implemented","source-only-not-certified","not-certified","E-ROL-UTILS;E-ROL-MINIFY;E-ROL-BINDING-DTS","EC-ROL-SRC","OP-ROL-015","OP-ROL-015","no-export-deferred","agree after provider-verb and evidence-coordinate normalization; retain primary exact ship/defer/reject and proposed surface columns","runtime contract"
"CMP-CAN-ROL-016","CAN-ROL-016","CO-ROL-14","rolldown","resolve-module","create-resolver","in-process-api","in-process-api","agree","one-shot","one-shot","agree","caller-owned-value","caller-owned-value","agree","none","none","agree","none","none","agree","provider-native","provider-native","agree","official-upstream","tagged source v1.2.4","established","established","defer","defer","agree","exact-v1.2.4-unadmitted","uncommitted","not-started","not-implemented","source-only-not-certified","not-certified","E-ROL-EXPERIMENTAL;E-ROL-BINDING-DTS","EC-ROL-SRC","OP-ROL-016","OP-ROL-016","no-export-deferred","adopt-shadow: resolver has no release protocol and is a caller-owned reusable value","retention and release discovery"
"CMP-CAN-ROL-017","CAN-ROL-017","CO-ROL-15","rolldown","scan-graph","scan","in-process-api","in-process-api","agree","one-shot","one-shot","agree","scope-borrowed-value","scope-borrowed-value","agree","none","none","agree","none","none","agree","provider-native","provider-native","agree","official-upstream","tagged source v1.2.4","established","established","defer","defer","agree","exact-v1.2.4-unadmitted","uncommitted","not-started","not-implemented","source-only-not-certified","not-certified","E-ROL-SCAN;E-ROL-EXPERIMENTAL;E-ROL-HANDLE","EC-ROL-SRC","OP-ROL-017","OP-ROL-017","no-export-deferred","adopt-shadow: scan is one-shot and yields scope-borrowed cleanup authority","cleanup and interruption"
"CMP-CAN-ROL-018A","CAN-ROL-018A","CU-ROL-01","rolldown","acquire-dev-engine-memory","dev-engine","in-process-api","in-process-api","agree","scoped-context","scoped-context","agree","long-lived-handle","long-lived-handle","agree","none","unresolved-mode-dependent","different-resolved","none","unresolved-mode-dependent","different-resolved","provider-native","provider-native","agree","official-upstream","tagged source v1.2.4","established","proposed","defer","reject","different-resolved","exact-v1.2.4-unadmitted","none","not-started","not-implemented","source-only-not-certified","not-certified","E-ROL-DEV;E-ROL-DEV-OPTIONS;E-ROL-EXPERIMENTAL","EC-ROL-SRC","OP-ROL-018","OP-ROL-018;OP-ROL-019","no-export-deferred","retain-primary-split: c4 forbids mixed publication and R2 names callback/no-write versus configured-write modes; memory identity remains deferred","complete ownership and callback backpressure"
"CMP-CAN-ROL-018B","CAN-ROL-018B","CU-ROL-01","rolldown","acquire-dev-engine-direct-write","dev-engine","in-process-api","in-process-api","agree","scoped-context","scoped-context","agree","long-lived-handle","long-lived-handle","agree","provider-direct-durable","unresolved-mode-dependent","different-resolved","provider-direct-durable","unresolved-mode-dependent","different-resolved","provider-native","provider-native","agree","official-upstream","tagged source v1.2.4","established","proposed","defer","reject","different-resolved","exact-v1.2.4-unadmitted","none","not-started","not-implemented","source-only-not-certified","not-certified","E-ROL-DEV;E-ROL-DEV-OPTIONS;E-ROL-EXPERIMENTAL","EC-ROL-SRC","OP-ROL-018","OP-ROL-018;OP-ROL-019","no-export-deferred","retain-primary-split: c4 forbids mixed publication and R2 names callback/no-write versus configured-write modes; direct-write identity remains deferred","complete ownership; backpressure; remnants"
"CMP-CAN-ROL-020","CAN-ROL-020","CO-ROL-16","rolldown","emit-isolated-declaration","emit-isolated-declaration","in-process-api","in-process-api","agree","one-shot","one-shot","agree","caller-owned-value","caller-owned-value","agree","none","none","agree","none","none","agree","provider-native","provider-native","agree","official-upstream","tagged source v1.2.4","established","established","defer","defer","agree","exact-v1.2.4-unadmitted","uncommitted","not-started","not-implemented","source-only-not-certified","not-certified","E-ROL-EXPERIMENTAL;E-ROL-BINDING-DTS;E-EB-RECON","EC-ROL-SRC","OP-ROL-020","OP-ROL-020","no-export-deferred","agree after provider-verb and evidence-coordinate normalization; retain primary exact ship/defer/reject and proposed surface columns","declaration correctness contract"
"CMP-CAN-ROL-021","CAN-ROL-021","CO-ROL-17","rolldown","module-runner-transform","module-runner-transform","in-process-api","in-process-api","agree","one-shot","one-shot","agree","caller-owned-value","caller-owned-value","agree","none","none","agree","none","none","agree","provider-native","provider-native","agree","official-upstream","tagged source v1.2.4","established","established","reject","reject","agree","not-committed","none","not-started","not-implemented","source-only-not-certified","not-certified","E-ROL-EXPERIMENTAL;E-ROL-BINDING-DTS","EC-ROL-SRC","OP-ROL-021","OP-ROL-021","no-export-rejected","agree after provider-verb and evidence-coordinate normalization; retain primary exact ship/defer/reject and proposed surface columns","none; rejection follows upstream scope"
"CMP-CAN-ROL-022","CAN-ROL-022","CO-ROL-18","rolldown","load-config","load-config","in-process-api","in-process-api","agree","one-shot","one-shot","agree","caller-owned-value","caller-owned-value","agree","none","none","agree","none","none","agree","provider-native","provider-native","agree","official-upstream","tagged source v1.2.4","established","established","defer","defer","agree","exact-v1.2.4-unadmitted","uncommitted","not-started","not-implemented","source-only-not-certified","not-certified","E-ROL-CONFIG;E-ROL-CLI-BUNDLE;E-ROL-PKG","EC-ROL-SRC","OP-ROL-022","OP-ROL-022","no-export-deferred","agree after provider-verb and evidence-coordinate normalization; retain primary exact ship/defer/reject and proposed surface columns","trust boundary and runtime behavior"
"CMP-RC-SEA-01","none-non-operation-register","RC-SEA-01","node-sea","classified outside canonical operation register","is-sea","not-applicable","runtime-api","shadow-key-not-adopted","not-applicable","runtime-lookup","shadow-key-not-adopted","not-applicable","caller-owned-value","shadow-key-not-adopted","not-applicable","none","shadow-key-not-adopted","not-applicable","none","shadow-key-not-adopted","not-applicable","provider-native","shadow-key-not-adopted","R2 source evidence","official upstream v26.7.0 docs + commit ledger","classified-non-operation","established","classify-only","classify-only","classification-resolution","not-an-operation-support-cell","uncommitted","not-applicable","not-implemented","not-certified","not-certified","E-NODE-ASSETS;E-NODE-ASSET-KEYS","EC-SEA-DOC;EC-SEA-COMMITS","S04","AC-RC-001;S04","none-classification-only","retain primary classification placement: c4 requires only actual operations to receive semantic identities; capabilities remain explicit in NON-OPERATION-REGISTER.csv","runtime proof remains coordinate-specific"
"CMP-RC-SEA-02","none-non-operation-register","RC-SEA-02","node-sea","classified outside canonical operation register","get-asset","not-applicable","runtime-api","shadow-key-not-adopted","not-applicable","runtime-lookup","shadow-key-not-adopted","not-applicable","caller-owned-value","shadow-key-not-adopted","not-applicable","none","shadow-key-not-adopted","not-applicable","none","shadow-key-not-adopted","not-applicable","provider-native","shadow-key-not-adopted","R2 source evidence","official upstream docs + commit ledger","classified-non-operation","established","classify-only","classify-only","classification-resolution","not-an-operation-support-cell","uncommitted","not-applicable","not-implemented","not-certified","not-certified","E-NODE-ASSETS;E-NODE-ASSET-KEYS","EC-SEA-DOC;EC-SEA-COMMITS","S04","AC-RC-002;S04","none-classification-only","retain primary classification placement: c4 requires only actual operations to receive semantic identities; capabilities remain explicit in NON-OPERATION-REGISTER.csv","runtime proof remains coordinate-specific"
"CMP-RC-SEA-03","none-non-operation-register","RC-SEA-03","node-sea","classified outside canonical operation register","get-asset-blob","not-applicable","runtime-api","shadow-key-not-adopted","not-applicable","runtime-lookup","shadow-key-not-adopted","not-applicable","caller-owned-value","shadow-key-not-adopted","not-applicable","none","shadow-key-not-adopted","not-applicable","none","shadow-key-not-adopted","not-applicable","provider-native","shadow-key-not-adopted","R2 source evidence","official upstream docs + commit ledger","classified-non-operation","established","classify-only","classify-only","classification-resolution","not-an-operation-support-cell","uncommitted","not-applicable","not-implemented","not-certified","not-certified","E-NODE-ASSETS;E-NODE-ASSET-KEYS","EC-SEA-DOC;EC-SEA-COMMITS","S04","AC-RC-003;S04","none-classification-only","retain primary classification placement: c4 requires only actual operations to receive semantic identities; capabilities remain explicit in NON-OPERATION-REGISTER.csv","runtime proof remains coordinate-specific"
"CMP-RC-SEA-04","none-non-operation-register","RC-SEA-04","node-sea","classified outside canonical operation register","get-raw-asset","not-applicable","runtime-api","shadow-key-not-adopted","not-applicable","runtime-lookup","shadow-key-not-adopted","not-applicable","runtime-borrowed-view","shadow-key-not-adopted","not-applicable","none","shadow-key-not-adopted","not-applicable","none","shadow-key-not-adopted","not-applicable","provider-native","shadow-key-not-adopted","R2 source evidence","official upstream docs + source","classified-non-operation","established","classify-only","classify-only","classification-resolution","not-an-operation-support-cell","uncommitted","not-applicable","not-implemented","not-certified","not-certified","E-NODE-ASSETS;E-NODE-ASSET-KEYS","EC-SEA-DOC;EC-SEA-SRC","S04","AC-RC-004;AC-RC-005;S04","none-classification-only","retain primary classification placement: c4 requires only actual operations to receive semantic identities; capabilities remain explicit in NON-OPERATION-REGISTER.csv","runtime proof remains coordinate-specific"
"CMP-RC-SEA-05","none-non-operation-register","RC-SEA-05","node-sea","classified outside canonical operation register","get-asset-keys","not-applicable","runtime-api","shadow-key-not-adopted","not-applicable","runtime-lookup","shadow-key-not-adopted","not-applicable","caller-owned-value","shadow-key-not-adopted","not-applicable","none","shadow-key-not-adopted","not-applicable","none","shadow-key-not-adopted","not-applicable","provider-native","shadow-key-not-adopted","R2 source evidence","official upstream docs + commit ledger","classified-non-operation","established","classify-only","classify-only","classification-resolution","not-an-operation-support-cell","uncommitted","not-applicable","not-implemented","not-certified","not-certified","E-NODE-ASSETS;E-NODE-ASSET-KEYS","EC-SEA-DOC;EC-SEA-COMMITS","S04","AC-RC-006","none-classification-only","retain primary classification placement: c4 requires only actual operations to receive semantic identities; capabilities remain explicit in NON-OPERATION-REGISTER.csv","runtime proof remains coordinate-specific"
"CMP-RC-DEN-01","none-non-operation-register","RC-DEN-01","deno","classified outside canonical operation register","compiled-runtime-bundle","not-applicable","runtime-api","shadow-key-not-adopted","not-applicable","runtime-lookup","shadow-key-not-adopted","not-applicable","none","shadow-key-not-adopted","not-applicable","none","shadow-key-not-adopted","not-applicable","none","shadow-key-not-adopted","not-applicable","provider-native","shadow-key-not-adopted","R2 source evidence","tagged source v2.9.5 + recorded execution 2.9.3","classified-non-operation","falsified-availability","reject","classify-only","classification-resolution","not-an-operation-support-cell","known-incompatible at observed coordinates","not-applicable","not-implemented","not-certified","not-certified","DENO-EV-011","EC-DEN-SRC;EC-DEN-RECEIPT;EC-CM-COMPILED","D09","DENO-CL-046;DENO-CL-051;D09","none-classification-only","retain primary classification placement: c4 requires only actual operations to receive semantic identities; capabilities remain explicit in NON-OPERATION-REGISTER.csv","runtime proof remains coordinate-specific"
"CMP-RC-ESB-01","none-non-operation-register","RC-ESB-01","esbuild","classified outside canonical operation register","version-export","not-applicable","in-process-api","shadow-key-not-adopted","not-applicable","one-shot","shadow-key-not-adopted","not-applicable","caller-owned-value","shadow-key-not-adopted","not-applicable","none","shadow-key-not-adopted","not-applicable","none","shadow-key-not-adopted","not-applicable","provider-native","shadow-key-not-adopted","R2 source evidence","package+tagged-source 0.28.2","classified-non-operation","established","classify-only","classify-only","classification-resolution","not-an-operation-support-cell","uncommitted","not-applicable","not-implemented","not-certified","not-certified","EV-ESB-003;EV-ESB-013","EC-ESB-PKG;EC-ESB-SRC","E12","CLM-087","none-classification-only","retain primary classification placement: c4 requires only actual operations to receive semantic identities; capabilities remain explicit in NON-OPERATION-REGISTER.csv","runtime proof remains coordinate-specific"
