operation_id,kind,provider,operation,lane,lifecycle,resource_result,provider_publication,published_contract,identity_owner,semantic_identity,request_authority,failure_law,interruption_law,provider_implementation_identity,host_target_relations,compatibility_owner,evaluation_phase,upstream_status,provenance,semantic_disposition,product_priority,compatibility_commitment,implementation_status,certification_status,evidence_refs,source_refs,notes
CO-BUN-01,operation,bun,create-transpiler,host-api,one-shot,caller-owned-value,none,none,provider-native,"bun / create-transpiler / host-api / one-shot / {caller-owned-value, none}","host runtime; constructor options captured once (loader, target, define, tsconfig, macros, trimming, minification)",Construction throws provider-native option/initialization errors,No cancellation concept applies to construction,Bun host runtime exact version+revision (tag bun-v1.3.14 @ 0d9b296),host = Bun runtime only; captured target browser|bun|node,effect-build-bun,operation preflight + execution,documented,upstream-declaration+documentation,established,candidate,uncommitted,not-implemented,not-certified,EC-BUN-SRC;EC-BUN-DOC,OP-BUN-001;B-supp,Reusable configured JS object with no release protocol; classified caller-owned-value not long-lived-handle because no release law exists (see MSD-09)
CO-BUN-02,operation,bun,transpile-async,host-api,one-shot,caller-owned-value,none,none,provider-native,"bun / transpile-async / host-api / one-shot / {caller-owned-value, none}",captured Transpiler options; per-call loader override,Promise rejects with provider-native parse/configuration errors,No AbortSignal; fiber interruption stops waiting only; provider threadpool work may continue,Bun host runtime exact version+revision,host = Bun runtime,effect-build-bun,execution,documented,upstream-declaration+documentation,established,candidate,uncommitted,not-implemented,not-certified,EC-BUN-SRC;EC-BUN-DOC,OP-BUN-002,Distinct from sync twin because scheduling and interruption differ (worker threadpool)
CO-BUN-03,operation,bun,transpile-sync,host-api,one-shot,caller-owned-value,none,none,provider-native,"bun / transpile-sync / host-api / one-shot / {caller-owned-value, none}",captured Transpiler options; per-call loader override,Throws provider-native errors synchronously,Runs on calling thread; not interruptible while running; wrapper must not promise interruption,Bun host runtime exact version+revision,host = Bun runtime,effect-build-bun,execution,documented,upstream-declaration+documentation,established,defer,uncommitted,not-implemented,not-certified,EC-BUN-SRC;EC-BUN-DOC,OP-BUN-003,Async twin exists; see SDR sync-operation law and MSD-10 for tension with esbuild *Sync rejections
CO-BUN-04,operation,bun,scan-source,host-api,one-shot,caller-owned-value,none,none,provider-native,"bun / scan-source / host-api / one-shot / {caller-owned-value, none}",captured Transpiler options,Throws provider-native parse/configuration errors,Synchronous; not interruptible while running; honest sync law required,Bun host runtime exact version+revision,host = Bun runtime,effect-build-bun,execution,documented,upstream-declaration+documentation,established,candidate,uncommitted,not-implemented,not-certified,EC-BUN-SRC;EC-BUN-DOC,OP-BUN-004,Returns exports plus typed imports; type-only imports ignored; no async twin exists
CO-BUN-05,operation,bun,scan-imports,host-api,one-shot,caller-owned-value,none,none,provider-native,"bun / scan-imports / host-api / one-shot / {caller-owned-value, none}",captured Transpiler options,Throws provider-native parse/configuration errors,Synchronous; not interruptible while running,Bun host runtime exact version+revision,host = Bun runtime,effect-build-bun,execution,documented,upstream-declaration+documentation,established,candidate,uncommitted,not-implemented,not-certified,EC-BUN-SRC;EC-BUN-DOC,OP-BUN-005,Documented faster but marginally less accurate than scan; the tradeoff is the identity distinction
CO-BUN-06,operation,bun,build-memory,host-api,one-shot,caller-owned-value,none,none,provider-native,"bun / build-memory / host-api / one-shot / {caller-owned-value, none}",Bun.build config without outdir/compile-direct-write; disk|virtual|mixed graph; plugins/loaders; HTML entry and full-stack are request modes,throw:true rejects AggregateError; throw:false resolves success:false; partial-result behavior untested,No cancellation handle; interruption stops waiting only,Bun host runtime exact version+revision,host = Bun runtime; requested bundle target browser|bun|node is an evidence coordinate,effect-build-bun,execution,documented,upstream-declaration+documentation,established,candidate,uncommitted,not-implemented,not-certified,EC-BUN-SRC;EC-BUN-DOC;EC-BUN-RECEIPT-HOSTAPI,OP-BUN-006;B01;B02,BuildArtifact retention/GC lifetime unknown (probe family PF-RETAIN)
CO-BUN-07,operation,bun,build-direct-write,host-api,one-shot,caller-owned-value,provider-direct-durable,provider-direct-durable,provider-native,"bun / build-direct-write / host-api / one-shot / {caller-owned-value, provider-direct-durable}",same breadth as CO-BUN-06 plus provider output destination (outdir),Default throw behavior; atomicity/rollback/partial-failure topology unknown; no atomic claim permitted,No cancellation handle; interruption/remnant behavior unknown,Bun host runtime exact version+revision,host = Bun runtime; bundle target coordinate,effect-build-bun,execution,documented,upstream-declaration+documentation+recorded-execution,established,candidate,uncommitted,not-implemented,not-certified,EC-BUN-SRC;EC-BUN-DOC;EC-BUN-RECEIPT-HOSTAPI,OP-BUN-007;B03,Publication law difference from CO-BUN-06 is the identity split (reconciliation section 1 rule)
CO-BUN-08,operation,bun,build-stdout,selected-command,one-shot,caller-owned-value,none,none,provider-native,"bun / build-stdout / selected-command / one-shot / {caller-owned-value, none}",selected bun executable; argv/cwd/env; serializable CLI options only; no callback/virtual-file parity,Non-zero exit plus raw human diagnostics; no machine diagnostic protocol,Child signaling exists; scope owns child; exact signal behavior untested,selected command content identity (bytes/digest) + version/revision,any host that can spawn the selected binary,effect-build-bun,operation preflight + launch boundary + execution,documented,upstream-documentation,established,candidate,uncommitted,not-implemented,not-certified,EC-BUN-DOC,OP-BUN-008;B04,Finite stdout collection; a raw stream form would be a separate scoped-process identity
CO-BUN-09,operation,bun,build-direct-write,selected-command,one-shot,caller-owned-value,provider-direct-durable,provider-direct-durable,provider-native,"bun / build-direct-write / selected-command / one-shot / {caller-owned-value, provider-direct-durable}",selected bun executable; argv/cwd/env; outfile/outdir; optional CLI metafile,Non-zero exit plus human diagnostics; partial writes/replacement/remnants unknown,Child signaling exists; interruption-to-cleanup untested,selected command content identity + version/revision,any spawning host; bundle target coordinate,effect-build-bun,operation preflight + launch boundary + execution,documented,upstream-documentation+recorded-execution,established,candidate,uncommitted,partially-implemented,not-certified,EC-BUN-DOC;EC-BUN-RECEIPT-PROVIDER,OP-BUN-009;B04;B07,Withdrawn withJavaScriptBundle continuation (D16) is superseded by this identity plus borrowed-output laws
CO-BUN-10,operation,bun,build-watch,selected-command,scoped-process,long-lived-handle,provider-direct-durable,provider-direct-durable,provider-native,"bun / build-watch / selected-command / scoped-process / {long-lived-handle, provider-direct-durable}",selected bun executable; serializable CLI build options plus --watch,Raw diagnostics and process exit/signal only; no typed rebuild protocol (falsified),Scope terminates child; subtree termination/in-flight cancellation/remnants unknown,selected command content identity + version/revision,any spawning host,effect-build-bun,operation preflight + launch boundary + execution,documented,upstream-documentation+recorded-execution,established,candidate,uncommitted,not-implemented,not-certified,EC-BUN-DOC;EC-BUN-RECEIPT-PROVIDER,OP-BUN-010;B05,No Bun.build watch member exists in tagged declarations; command lane only
CO-BUN-11,operation,bun,compile-executable,host-api,one-shot,caller-owned-value,provider-direct-durable,provider-direct-durable,provider-native,"bun / compile-executable / host-api / one-shot / {caller-owned-value, provider-direct-durable}",Bun.build({compile}); entry or full-stack; embedded files/workers; target tuple; bytecode; Windows metadata; implicit|explicit outfile,AggregateError/default throw; cross-target acquisition and partial-write/cleanup behavior unknown,No cancellation handle,Bun host runtime exact version+revision,OS/arch/libc/CPU-baseline target tuple relation; cross-target runtime acquisition is a visible sub-operation mutating cache,effect-build-bun,operation preflight + execution,documented,upstream-declaration+documentation+recorded-execution,established,candidate,uncommitted,not-implemented,not-certified,EC-BUN-SRC;EC-BUN-DOC;EC-BUN-RECEIPT-HOSTAPI,OP-BUN-011;B09;B10,No memory result mode evidenced for compile (outfile implicit|explicit always); crosswalk's compile-executable-memory candidate dropped pending probe (MSD-07)
CO-BUN-12,operation,bun,compile-executable,selected-command,one-shot,caller-owned-value,provider-direct-durable,atomic-published-durable,product-wrapper-over-provider-command,"bun / compile-executable / selected-command / one-shot / {caller-owned-value, atomic-published-durable}",selected bun executable; --compile; target tuple; embedded files/workers; bytecode; effect-build staging subset,Typed command/validation/publication failures at wrapper; provider emits non-zero exit + human diagnostics,Interruption follows command runner and closes staging scope; provider cancellation/cleanup uncertified,selected command content identity + version/revision,OS/arch/libc/CPU target tuple relation; acquisition sub-operation,effect-build-bun,all six phases,documented,upstream-documentation+recorded-execution+effect-build-implementation,established,candidate,current package supports exact Bun 1.3.9 pin only,implemented,not-certified,EC-BUN-DOC;EC-BUN-RECEIPT-PROVIDER;EC-EB-IMPL,OP-BUN-012;OP-BUN-013;B09,Merges Bun supplement OP-BUN-012/013: one public identity whose published contract is wrapper-owned atomic publication over a provider-direct native command (MSD-01)
CO-BUN-13,operation,bun,plugin-register-global,host-api,one-shot,none,none,none,provider-native,"bun / plugin-register-global / host-api / one-shot / {none, none}",ambient global registration (Bun.plugin); target; lifecycle hooks,Provider callback/setup failures; ordering and concurrent-build interaction uncertified,No cancellation protocol; lifetime is ambient,Bun host runtime exact version+revision,host = Bun runtime,effect-build-bun,execution,documented,upstream-declaration+documentation,established,reject,none,not-implemented,not-certified,EC-BUN-SRC;EC-BUN-DOC,OP-BUN-014;B06,Ambient mutable authority without scoped ownership; lane corrected from supplement's runtime-api to host-api (MSD-11)
CO-BUN-14,operation,bun,plugin-clear-global,host-api,one-shot,none,none,none,provider-native,"bun / plugin-clear-global / host-api / one-shot / {none, none}",ambient global registry mutation (Bun.plugin.clearAll),No structured failure contract; active/concurrent-build races untested,No cancellation protocol,Bun host runtime exact version+revision,host = Bun runtime,effect-build-bun,execution,documented,upstream-declaration,established,reject,none,not-implemented,not-certified,EC-BUN-SRC,OP-BUN-015,Global clear cannot be made scope-safe by a thin wrapper
CO-DEN-01,operation,deno,bundle-memory,host-api,one-shot,caller-owned-value,none,none,provider-native,"deno / bundle-memory / host-api / one-shot / {caller-owned-value, none}",Deno host; BundleOptions write=false; caller PermissionsContainer carried by host path,Result carries success/errors/warnings; failure shapes source-established; permission enforcement execution-pending,Cancellation unknown; helper esbuild child cleanup on interruption unknown,selected Deno executable content identity + version + channel + revision + esbuild-helper 0.25.5 relation,host = Deno runtime; platform browser|deno is request mode,effect-build-deno,operation preflight + execution,experimental,official-upstream tagged source v2.9.5,established,candidate-experimental,exact identities only; unadmitted until execution,not-implemented,not-certified,EC-DEN-SRC;EC-DEN-RECEIPT,DENO-OP-001;D01;D10,Experimental status is operation-level (D6); historical 2.9.3 permission contradiction is an exact falsifier not projectable to 2.9.5
CO-DEN-02,operation,deno,bundle-direct-write,host-api,one-shot,caller-owned-value,provider-direct-durable,provider-direct-durable,provider-native,"deno / bundle-direct-write / host-api / one-shot / {caller-owned-value, provider-direct-durable}",Deno host; outputPath/outputDir with write; caller permission plumbing to writer,Partial-write and interruption remnants unknown; no atomicity claim,Cancellation unknown,selected Deno executable identity + version + channel + revision + helper relation,host = Deno runtime,effect-build-deno,operation preflight + execution,experimental,official-upstream tagged source v2.9.5,established,candidate-experimental,exact identities only,not-implemented,not-certified,EC-DEN-SRC,DENO-OP-002;D02,
CO-DEN-03,operation,deno,bundle-stdout,selected-command,one-shot,caller-owned-value,none,none,provider-native,"deno / bundle-stdout / selected-command / one-shot / {caller-owned-value, none}",selected deno executable; project/config/import-map/lock/npm authority; initial cwd,Non-zero exit and human stderr; stdout framing/interruption need command receipt,Child signaling; untested,selected deno content identity + version + channel + revision,any spawning host,effect-build-deno,operation preflight + launch boundary + execution,experimental,official-upstream tagged source v2.9.5,established,candidate-experimental,exact identities only,not-implemented,not-certified,EC-DEN-SRC,DENO-OP-003;D03,Finite stdout collection; raw stream would be separate scoped-process identity
CO-DEN-04,operation,deno,bundle-direct-write,selected-command,one-shot,caller-owned-value,provider-direct-durable,provider-direct-durable,provider-native,"deno / bundle-direct-write / selected-command / one-shot / {caller-owned-value, provider-direct-durable}",selected deno executable; outdir/output; HTML entrypoints require outdir; project authority,Partial durable outcomes need execution; no atomicity claim,Child signaling; untested,selected deno content identity + version + channel + revision,any spawning host,effect-build-deno,operation preflight + launch boundary + execution,experimental,official-upstream tagged source v2.9.5,established,candidate-experimental,exact identities only,not-implemented,not-certified,EC-DEN-SRC;EC-DEN-RECEIPT,DENO-OP-004;D04,
CO-DEN-05,operation,deno,bundle-watch,selected-command,scoped-process,long-lived-handle,provider-direct-durable,provider-direct-durable,provider-native,"deno / bundle-watch / selected-command / scoped-process / {long-lived-handle, provider-direct-durable}",selected deno executable; watch flags; project authority,Raw diagnostics and exit/signal only; typed event boundary falsified,Scope terminates child; reap/termination/remnants empirical,selected deno content identity + version + channel + revision,any spawning host,effect-build-deno,operation preflight + launch boundary + execution,experimental,official-upstream tagged source v2.9.5,established,candidate-experimental,exact identities only,not-implemented,not-certified,EC-DEN-SRC,DENO-OP-005;D05,Internal esbuild context use creates no public typed protocol
CO-DEN-06,operation,deno,bundle-declarations,selected-command,one-shot,caller-owned-value,provider-direct-durable,provider-direct-durable,provider-native,"deno / bundle-declarations / selected-command / one-shot / {caller-owned-value, provider-direct-durable}",selected deno executable; --declaration; graph + type-check authority; per-entry re-export roll-up topology,Type-check failures join build failure surface; closure/topology adversarial execution remains,Child signaling; untested,selected deno content identity + version + channel + revision,any spawning host,effect-build-deno,operation preflight + launch boundary + execution,experimental,official-upstream tagged source v2.9.5,established,candidate-experimental,exact identities only,not-implemented,not-certified,EC-DEN-SRC,DENO-OP-006;D06,Resolves the merged D06 API/command row to command lane only: no host-api declaration mode evidenced at v2.9.5 (MSD-05); --check remains a sub-operation
CO-DEN-07,operation,deno,transpile-stdout,selected-command,one-shot,caller-owned-value,none,none,provider-native,"deno / transpile-stdout / selected-command / one-shot / {caller-owned-value, none}",selected deno executable; one input; compiler options from configuration scope,Non-zero exit and diagnostics; separate maps invalid in stdout mode,Child signaling; untested,selected deno content identity + version + channel + revision,any spawning host,effect-build-deno,operation preflight + launch boundary + execution,stable,official-upstream tagged source v2.9.5,established,ship-candidate,support cells pending execution,not-implemented,not-certified,EC-DEN-SRC,DENO-OP-007,Transpile is not bundling; stable identity independent of experimental bundle (D6 isolation law)
CO-DEN-08,operation,deno,transpile-direct-write,selected-command,one-shot,caller-owned-value,provider-direct-durable,provider-direct-durable,provider-native,"deno / transpile-direct-write / selected-command / one-shot / {caller-owned-value, provider-direct-durable}",selected deno executable; multi-input outdir topology; source-map modes,Partial-write/interruption remnants empirical; no atomic-tree claim,Child signaling; untested,selected deno content identity + version + channel + revision,any spawning host,effect-build-deno,operation preflight + launch boundary + execution,stable,official-upstream tagged source v2.9.5,established,ship-candidate,support cells pending execution,not-implemented,not-certified,EC-DEN-SRC,DENO-OP-008,
CO-DEN-09,operation,deno,transpile-declarations,selected-command,one-shot,caller-owned-value,provider-direct-durable,provider-direct-durable,provider-native,"deno / transpile-declarations / selected-command / one-shot / {caller-owned-value, provider-direct-durable}",selected deno executable; --declaration; npm-resolving graph + type checker; common compiler-options scope required,Type-check failures; mixed-scope rejection; declaration partial failure empirical,Child signaling; untested,selected deno content identity + version + channel + revision,any spawning host,effect-build-deno,operation preflight + launch boundary + execution,stable,official-upstream tagged source v2.9.5,established,ship-candidate,support cells pending execution,not-implemented,not-certified,EC-DEN-SRC,DENO-OP-009,Distinct topology from bundle declarations; the two must not be normalized into one declaration concept
CO-DEN-10,operation,deno,compile-executable,selected-command,one-shot,caller-owned-value,provider-direct-durable,atomic-published-durable,product-wrapper-over-provider-command,"deno / compile-executable / selected-command / one-shot / {caller-owned-value, atomic-published-durable}",selected deno executable; config/import-map/lock/npm; includes/VFS; embedded permissions; six-target set,Wrapper-typed failures; provider diagnostics; denort acquisition failures are explicit relation failures never silent fallback,Interruption closes scope and terminates child; acquisition/cache mutation cleanup empirical,selected deno content identity + version + channel + revision + acquisition provenance; denort relation,six advertised target triples; host independent of target; denort archive relation per target; DENORT_BIN override relation,effect-build-deno,all six phases,stable,official-upstream tagged source v2.9.5 + released wrapper,established,ship-candidate,support cells pending target/acquisition execution,released predecessor; 0.4 not-started,not-certified,EC-DEN-SRC;EC-DEN-TARGETS;EC-CM-COMPILE,DENO-OP-010;D07;D08,Provider-native publication corrected to provider-direct-durable: no atomic-claim evidence for the final executable write at v2.9.5; supplement's atomic label applied only to the wrapper contract and the denort cache write (MSD-02)
CO-DEN-11,operation,deno,compile-watch,selected-command,scoped-process,long-lived-handle,provider-direct-durable,provider-direct-durable,provider-native,"deno / compile-watch / selected-command / scoped-process / {long-lived-handle, provider-direct-durable}",selected deno executable; compile watch flags,Rebuild/coalescing/interruption/reaping laws require exact execution,Scope terminates child; empirical,selected deno content identity + version + channel + revision,any spawning host,effect-build-deno,operation preflight + launch boundary + execution,stable,official-upstream tagged source v2.9.5,established,defer,uncommitted,not-implemented,not-certified,EC-DEN-SRC,DENO-OP-011,Supplement's atomic-published label rejected for repeated watch replacement with zero atomicity evidence (MSD-02)
CO-ESB-01,operation,esbuild,build-memory,in-process-api,one-shot,caller-owned-value,none,none,provider-native,"esbuild / build-memory / in-process-api / one-shot / {caller-owned-value, none}",BuildOptions with explicit write:false (write defaults true on filesystem hosts); plugins carry host authority,BuildFailure with errors/warnings arrays; OutputFile.hash algorithm undeclared,No provider cancellation for one-shot; fiber stops awaiting; native child continues,package version + declaration bytes + platform package + native-binary digest + Go toolchain revision,node/deno/browser-wasm; bun unproven; browser rejects write,effect-build-esbuild,operation preflight + first-use coherence check + execution,stable,package+tagged-source 0.28.2,established,candidate,uncommitted,not-implemented,not-certified,EC-ESB-PKG;EC-ESB-SRC;EC-ESB-RECEIPT,ESB-OP-01;E01,
CO-ESB-02,operation,esbuild,build-direct-write,in-process-api,one-shot,caller-owned-value,provider-direct-durable,provider-direct-durable,provider-native,"esbuild / build-direct-write / in-process-api / one-shot / {caller-owned-value, provider-direct-durable}",BuildOptions write:true + outfile/outdir; allowOverwrite; output-topology modes,No staging/rollback; 0.28.2-only input-overwrite protection on build error (regressed 0.17.0-0.28.1); interruption behavior unstated,No provider cancellation; child may still be writing after fiber release,five-component identity as CO-ESB-01,node/deno; bun unproven; browser throws on write,effect-build-esbuild,operation preflight + execution,stable,package+tagged-source 0.28.2,established,candidate,uncommitted,not-implemented,not-certified,EC-ESB-PKG;EC-ESB-SRC;EC-ESB-CHANGELOG,ESB-OP-02;E01,
CO-ESB-03,operation,esbuild,transform,in-process-api,one-shot,caller-owned-value,none,none,provider-native,"esbuild / transform / in-process-api / one-shot / {caller-owned-value, none}",TransformOptions + one source unit; single loader; no graph/plugins/destination,Rejected TransformFailure carries structured messages; large inputs stage a tmp file (undocumented side effect),No provider cancellation; tmp-file cleanup on interruption unproven,five-component identity,node/deno/browser-wasm; bun unproven,effect-build-esbuild,execution,stable,package+tagged-source 0.28.2,established,candidate,uncommitted,not-implemented,not-certified,EC-ESB-PKG;EC-ESB-SRC,ESB-OP-03;E02,Must never be modeled as a degenerate build
CO-ESB-04,operation,esbuild,analyze-metafile,in-process-api,one-shot,caller-owned-value,none,none,provider-native,"esbuild / analyze-metafile / in-process-api / one-shot / {caller-owned-value, none}",Metafile or JSON string + options,Rejects on invalid input; result is human text with no machine contract,No provider cancellation,five-component identity,node/deno/browser-wasm; bun unproven,effect-build-esbuild,execution,stable,package+tagged-source 0.28.2,established,candidate,uncommitted,not-implemented,not-certified,EC-ESB-PKG;EC-ESB-SRC,ESB-OP-04;E10,Law: preserve schema; never parse the returned text
CO-ESB-05,operation,esbuild,format-messages,in-process-api,one-shot,caller-owned-value,none,none,provider-native,"esbuild / format-messages / in-process-api / one-shot / {caller-owned-value, none}",PartialMessage[] + kind/color/terminalWidth/logStyle,Rejects on invalid kind; renders strings only,No provider cancellation,five-component identity,node/deno/browser-wasm; bun unproven,effect-build-esbuild,execution,stable,package+tagged-source 0.28.2,established,candidate-low,uncommitted,not-implemented,not-certified,EC-ESB-PKG;EC-ESB-SRC,ESB-OP-05,Absent from imported inventory; upstream's own diagnostic renderer (D2 preservation)
CO-ESB-06,operation,esbuild,build-memory-sync,in-process-api,one-shot,caller-owned-value,none,none,provider-native,"esbuild / build-memory-sync / in-process-api / one-shot / {caller-owned-value, none}",BuildOptions write:false; plugins refused,Synthetic worker-path errors; 16MiB ceiling (ENOBUFS),Blocking; no interruption point at all,five-component identity,node only,effect-build-esbuild,execution,stable,package+tagged-source 0.28.2,established,reject,none,not-implemented,not-certified,EC-ESB-PKG;EC-ESB-SRC,ESB-OP-06,Rejected: false interruption promise + lost plugin authority + host absence + complete async twin
CO-ESB-07,operation,esbuild,build-direct-write-sync,in-process-api,one-shot,caller-owned-value,provider-direct-durable,provider-direct-durable,provider-native,"esbuild / build-direct-write-sync / in-process-api / one-shot / {caller-owned-value, provider-direct-durable}",BuildOptions write:true + destination; plugins refused,As CO-ESB-06 plus direct-write hazards with no interruption point,Blocking,five-component identity,node only,effect-build-esbuild,execution,stable,package+tagged-source 0.28.2,established,reject,none,not-implemented,not-certified,EC-ESB-PKG;EC-ESB-SRC,ESB-OP-07,
CO-ESB-08,operation,esbuild,transform-sync,in-process-api,one-shot,caller-owned-value,none,none,provider-native,"esbuild / transform-sync / in-process-api / one-shot / {caller-owned-value, none}",TransformOptions + one source,As CO-ESB-06; sync tmp-file staging,Blocking,five-component identity,node only,effect-build-esbuild,execution,stable,package+tagged-source 0.28.2,established,reject,none,not-implemented,not-certified,EC-ESB-PKG;EC-ESB-SRC,ESB-OP-08,
CO-ESB-09,operation,esbuild,analyze-metafile-sync,in-process-api,one-shot,caller-owned-value,none,none,provider-native,"esbuild / analyze-metafile-sync / in-process-api / one-shot / {caller-owned-value, none}",Metafile + options,As CO-ESB-06,Blocking,five-component identity,node only,effect-build-esbuild,execution,stable,package+tagged-source 0.28.2,established,reject,none,not-implemented,not-certified,EC-ESB-PKG;EC-ESB-SRC,ESB-OP-09,
CO-ESB-10,operation,esbuild,format-messages-sync,in-process-api,one-shot,caller-owned-value,none,none,provider-native,"esbuild / format-messages-sync / in-process-api / one-shot / {caller-owned-value, none}",PartialMessage[] + options,As CO-ESB-06,Blocking,five-component identity,node only,effect-build-esbuild,execution,stable,package+tagged-source 0.28.2,established,reject,none,not-implemented,not-certified,EC-ESB-PKG;EC-ESB-SRC,ESB-OP-10,
CO-ESB-11,operation,esbuild,context-memory,in-process-api,scoped-context,long-lived-handle,none,none,provider-native,"esbuild / context-memory / in-process-api / scoped-context / {long-lived-handle, none}",BuildOptions write:false captured immutably at acquisition; WatchOptions.delay; ServeOptions,rebuild rejects BuildFailure; rebuild coalesces concurrent calls; post-dispose rebuild/watch/serve outcome decided by native child (untyped),cancel() best-effort never-failing; dispose() settles before plugin onDispose runs; Scope closure maps to dispose,five-component identity,node/deno/browser-wasm (watch/serve throw on browser); bun unproven,effect-build-esbuild,operation preflight + execution,stable,package+tagged-source 0.28.2 + recorded 0.28.1/0.28.2 lifecycle,established,candidate,uncommitted,not-implemented,not-certified,EC-ESB-PKG;EC-ESB-SRC;EC-ESB-RECEIPT,ESB-OP-11;E03;E04;E05;E06;E07;E08,rebuild/watch/serve/cancel/dispose are sub-operations of this one state owner (grouping law GL-1); falsifier: any independently releasable sub-resource upstream promotes it
CO-ESB-12,operation,esbuild,context-direct-write,in-process-api,scoped-context,long-lived-handle,provider-direct-durable,provider-direct-durable,provider-native,"esbuild / context-direct-write / in-process-api / scoped-context / {long-lived-handle, provider-direct-durable}",BuildOptions write:true + destination captured at acquisition,Every rebuild and watch-triggered rebuild republishes without staging/rollback; mixed-generation trees possible,As CO-ESB-11,five-component identity,node/deno; bun unproven,effect-build-esbuild,operation preflight + execution,stable,package+tagged-source 0.28.2,established,candidate,uncommitted,not-implemented,not-certified,EC-ESB-PKG;EC-ESB-SRC,ESB-OP-12;E03,Split from CO-ESB-11 by publication law
CO-ESB-13,operation,esbuild,stop-shared-service,in-process-api,one-shot,none,none,none,provider-native,"esbuild / stop-shared-service / in-process-api / one-shot / {none, none}",no arguments; process-global effect,No structured failure; on node resolves before exit observed; deno awaits,Not a cancellation mechanism; cannot be scoped,five-component identity,node/deno/browser,effect-build-esbuild,execution,documented,package+tagged-source 0.28.2,established,reject,none,not-implemented,not-certified,EC-ESB-PKG;EC-ESB-SRC,ESB-OP-13;E12,Terminates the process-global child under every live context including foreign owners; must remain uncalled and unexposed
CO-ESB-14,operation,esbuild,initialize-shared-service,in-process-api,one-shot,none,none,none,provider-native,"esbuild / initialize-shared-service / in-process-api / one-shot / {none, none}",InitializeOptions (wasm fields browser-only),Second call throws (process-global once-only latch),none,five-component identity,browser mandatory; node/deno near no-op,effect-build-esbuild,execution,documented,package+tagged-source 0.28.2,established,reject,none,not-implemented,not-certified,EC-ESB-PKG;EC-ESB-SRC,ESB-OP-14,A library must not spend a consumer's global once-only token
CO-ESB-15,operation,esbuild,build-stdout,selected-command,one-shot,caller-owned-value,none,none,provider-native,"esbuild / build-stdout / selected-command / one-shot / {caller-owned-value, none}",selected esbuild executable (two possible bin forms); argv/cwd/env/stdin,Non-zero exit + human stderr bytes; no Message[]; no plugins,Scope owns child; signal semantics differ between native-binary and node-shim forms,content digest of the file actually selected (path meaning decided at install time),any spawning host; three WASM-fallback platforms run node+wasm,effect-build-esbuild,operation preflight + launch boundary + execution,stable,package+recorded --version/--help at linux-x64,established,candidate,uncommitted,not-implemented,not-certified,EC-ESB-PKG;EC-ESB-CLI-EXEC,ESB-OP-15;E11,Mandatory preflight: record selected bin form by content digest (LAW-ESB-13 adopted)
CO-ESB-16,operation,esbuild,build-direct-write,selected-command,one-shot,caller-owned-value,provider-direct-durable,provider-direct-durable,provider-native,"esbuild / build-direct-write / selected-command / one-shot / {caller-owned-value, provider-direct-durable}",selected esbuild executable; --outfile/--outdir; --metafile=PATH and --mangle-cache=PATH write files (extra durable outputs),Partial durable output possible; no staging/rollback,Scope owns child,content digest of selected file,any spawning host,effect-build-esbuild,operation preflight + launch boundary + execution,stable,package+recorded CLI surface,established,candidate,uncommitted,not-implemented,not-certified,EC-ESB-PKG;EC-ESB-CLI-EXEC,ESB-OP-16;E11,
CO-ESB-17,operation,esbuild,build-watch,selected-command,scoped-process,long-lived-handle,provider-direct-durable,provider-direct-durable,provider-native,"esbuild / build-watch / selected-command / scoped-process / {long-lived-handle, provider-direct-durable}",selected esbuild executable; --watch composes with build flags; lifetime also bound to stdin (--watch=forever detaches),Human rebuild reports on stderr only; typed events forbidden (falsified),Two non-equivalent termination channels (stdin close vs signal); Scope closure must choose and document one,content digest of selected file,any spawning host,effect-build-esbuild,operation preflight + launch boundary + execution,stable,package+recorded CLI surface,established,candidate,uncommitted,not-implemented,not-certified,EC-ESB-PKG;EC-ESB-CLI-EXEC,ESB-OP-17;E11,Not a semantic twin of context watch (different result channel/options/termination/engine)
CO-ESB-18,operation,esbuild,serve,selected-command,scoped-process,long-lived-handle,none,none,provider-native,"esbuild / serve / selected-command / scoped-process / {long-lived-handle, none}",selected esbuild executable; --serve=HOST:PORT; --servedir; TLS files; composes with --watch,Bound address reported only as human text; parsing forbidden,Scope signals process; socket release not separately observable,content digest of selected file,any spawning host; Windows serve hole GHSA-g7r4-m6w7-qqqr,effect-build-esbuild,operation preflight + launch boundary + execution,stable,package+recorded CLI surface,established,defer,uncommitted,not-implemented,not-certified,EC-ESB-PKG;EC-ESB-CLI-EXEC;EC-CM-HOLE-SERVE,ESB-OP-18;E11,Honest only with a pinned port; deferred pending upstream machine-readable address channel or product decision
CO-ESB-19,operation,esbuild,build-host-stdout,in-process-api,one-shot,none,none,none,provider-native,"esbuild / build-host-stdout / in-process-api / one-shot / {none, none}",BuildOptions write:true with neither outfile nor outdir,Output bytes escape to host stdout via console.log; no value returned; side effect may precede interruption,No cancellation,five-component identity,node/deno; bun unproven,effect-build-esbuild,operation preflight (typed refusal),stable,package+tagged-source 0.28.2,established,reject,none,not-implemented,not-certified,EC-ESB-SRC,ESB-OP-19,Preflight must make this mode unreachable as a typed refusal without silently rewriting options
CO-SEA-01,operation,node-sea,assemble-direct,selected-command,one-shot,caller-owned-value,provider-direct-durable,atomic-published-durable,product-wrapper-over-provider-command,"node-sea / assemble-direct / selected-command / one-shot / {caller-owned-value, atomic-published-durable}",selected Node builder (--build-sea); optional explicit base; main/assets; mainFormat/snapshot/cache/execArgv modes,Wrapper-typed relation/capability/validation/publication failures; provider human diagnostics; no fallback to legacy route,Interruption closes scope and terminates/reaps children pre-rename; post-rename durable output not revoked,exact builder binary content identity + version + LIEF/SEA build capability (not version-only),default-base collapses builder/base; explicit-base requires same Node version (non-overridable); target format/arch equality; ESM>=25.7; ESM cache>=25.9; ESM+snapshot illegal; cross-target requires snapshot=false and cache=false; macOS repair availability per topology,effect-build-node-sea,all six phases,active-development (v25.5.0+; absent from maintained v24/v22),official upstream v26.7.0 tagged docs/source + repository law,established,ship-candidate-identity,identity ships; support cells unadmitted,not-implemented,not-certified,EC-SEA-DOC;EC-SEA-SRC;EC-CM-SEA,NODE-SEA-DIRECT;S01,Provider natively writes configured output directly; wrapper redirects to private same-parent candidate then repairs/validates/hashes/renames (publication-owner split; MSD-03)
CO-SEA-02,operation,node-sea,generate-preparation-blob,selected-command,one-shot,scope-borrowed-value,none,none,product-wrapper-over-provider-command,"node-sea / generate-preparation-blob / selected-command / one-shot / {scope-borrowed-value, none}",selected Node generator (--experimental-sea-config); modern JSON/blob route (v20.0.0+),Generator failures; blob never a public durable result,Scope cleanup of private blob on closure,exact generator binary content identity + version,generator/base same Node version when composed (non-overridable); historical raw NODE_JS_CODE route is a rejected separate identity,effect-build-node-sea,operation preflight + launch boundary + execution,documented (legacy route on all maintained lines),official upstream versioned docs + commit ledger,established,ship-candidate-identity (internal stage),identity ships; exact cells unadmitted,not-implemented,not-certified,EC-SEA-DOC;EC-SEA-COMMITS,NODE-SEA-LEGACY-BLOB;S08,Internal composition stage of the legacy pipeline; not an independent public export candidate
CO-SEA-03,operation,node-sea,inject-preparation-blob,selected-command,one-shot,caller-owned-value,provider-direct-durable,atomic-published-durable,product-wrapper-over-provider-command,"node-sea / inject-preparation-blob / selected-command / one-shot / {caller-owned-value, atomic-published-durable}",authenticated base copy + scope-borrowed blob + exact selected injector (unpinned npx postject is not an identity); target-derived ELF/Mach-O/PE resource+fuse parameters,Injector/structural-validation/repair failures; publication only after final-mutation validation,Interruption terminates injector/repair/validator children; staged candidate cleaned; post-rename durable,exact injector executable/package content identity + capability observation; base content identity,generator/base same version; base SEA support/fuse; format/arch equality; Linux arm64 postject native-addon hole denied until exact proof; macOS stale-signature removal + ad-hoc re-sign ordering,effect-build-node-sea,all six phases,documented modern contract (v20.0.0+),official upstream versioned docs + repository law,established,ship-candidate-identity,identity ships; no injector/target cells admitted,not-implemented,not-certified,EC-SEA-DOC;EC-SEA-COMMITS;EC-CM-SEA,NODE-SEA-LEGACY-INJECT;S08,Direct and legacy are mutually explicit route choices; no transparent fallback (route-identity law)
CO-ROL-01,operation,rolldown,build-context,in-process-api,scoped-context,long-lived-handle,none,none,provider-native,"rolldown / build-context / in-process-api / scoped-context / {long-lived-handle, none}",rolldown(input) captures input options; plugins; platform/resolution modifiers,Acquisition failures provider-native; post-close method behavior recorded (afterCloseRejected observed at 1.2.4 fixture),close()/Symbol.asyncDispose is the release; Scope may own the handle,JS package + native loader + selected platform package or WASI fallback + loaded native bytes + host runtime,node engine metadata is not certification; Bun host is an independent unproven cell; Linux libc family selects native package,effect-build-rolldown,operation preflight + execution,public root API,tagged source v1.2.4 + archived exact receipt,established,candidate (D15 gate),uncommitted,not-implemented,not-certified,EC-ROL-SRC;EC-ROL-RECEIPT,OP-ROL-001;OP-ROL-004,Lane corrected from supplement host-api to in-process-api (installed library; MSD-04); close demoted from operation to release sub-operation (MSD-06)
CO-ROL-02,operation,rolldown,context-generate,in-process-api,scoped-context,caller-owned-value,none,none,provider-native,"rolldown / context-generate / in-process-api / scoped-context / {caller-owned-value, none}",per-call output options against the acquired build handle,Provider-native failures; concurrent-generate serialization unknown,Interruption stops awaiting; native work continuation unknown; external-memory release semantics (keepData/freeExternalMemory) empirical,as CO-ROL-01,as CO-ROL-01,effect-build-rolldown,execution,public root API,tagged source v1.2.4 + archived narrow generate/close seed,established,candidate (D15 gate),uncommitted,not-implemented,not-certified,EC-ROL-SRC;EC-ROL-RECEIPT,OP-ROL-002,Handle-bound operation promoted because publication is selected per call not per handle (grouping law GL-2; MSD-06)
CO-ROL-03,operation,rolldown,context-write,in-process-api,scoped-context,caller-owned-value,provider-direct-durable,provider-direct-durable,provider-native,"rolldown / context-write / in-process-api / scoped-context / {caller-owned-value, provider-direct-durable}",per-call output options with destination against the acquired handle,Direct durable writes; no staging/rollback/atomic-tree claim; collision/concurrency laws empirical,Interruption may leave durable remnants,as CO-ROL-01,as CO-ROL-01,effect-build-rolldown,execution,public root API,tagged source v1.2.4,established,candidate (D15 gate),uncommitted,not-implemented,not-certified,EC-ROL-SRC,OP-ROL-003,
CO-ROL-04,operation,rolldown,build-memory,in-process-api,one-shot,caller-owned-value,none,none,provider-native,"rolldown / build-memory / in-process-api / one-shot / {caller-owned-value, none}",experimental build() wrapper; acquires/generates/closes in finally,Provider-native failures; finally-cleanup behavior empirical,Interruption cleanup empirical,as CO-ROL-01,as CO-ROL-01,effect-build-rolldown,execution,experimental public root API,tagged source v1.2.4,established,defer,uncommitted,not-implemented,not-certified,EC-ROL-SRC,OP-ROL-005,
CO-ROL-05,operation,rolldown,build-direct-write,in-process-api,one-shot,caller-owned-value,provider-direct-durable,provider-direct-durable,provider-native,"rolldown / build-direct-write / in-process-api / one-shot / {caller-owned-value, provider-direct-durable}",experimental build() wrapper with write mode (default),Direct durable writes; not atomic,Interruption remnants empirical,as CO-ROL-01,as CO-ROL-01,effect-build-rolldown,execution,experimental public root API,tagged source v1.2.4,established,defer,uncommitted,not-implemented,not-certified,EC-ROL-SRC,OP-ROL-006,
CO-ROL-06,operation,rolldown,watch-direct-write,in-process-api,scoped-context,long-lived-handle,provider-direct-durable,provider-direct-durable,provider-native,"rolldown / watch-direct-write / in-process-api / scoped-context / {long-lived-handle, provider-direct-durable}",watch(input) event session; bundle events may carry result handles requiring their own close,Event/rebuild failure laws empirical; no typed cross-provider event promise,Watcher close is the release; close-during-rebuild empirical,as CO-ROL-01,as CO-ROL-01,effect-build-rolldown,execution,experimental public root API,tagged source v1.2.4,established,defer,uncommitted,not-implemented,not-certified,EC-ROL-SRC,OP-ROL-007;OP-ROL-009,Lifecycle mapped from supplement's invented scoped-session to closed vocabulary scoped-context (in-process session; MSD-08); event-carried result handles are result fields with their own release sub-operation
CO-ROL-07,operation,rolldown,watch-skip-write,in-process-api,scoped-context,long-lived-handle,none,none,provider-native,"rolldown / watch-skip-write / in-process-api / scoped-context / {long-lived-handle, none}",watch(input) with skipWrite,No automatic publication,As CO-ROL-06,as CO-ROL-01,as CO-ROL-01,effect-build-rolldown,execution,experimental public root API,tagged source v1.2.4,established,defer,uncommitted,not-implemented,not-certified,EC-ROL-SRC,OP-ROL-008;OP-ROL-009,
CO-ROL-08,operation,rolldown,cli-build-stdout,selected-command,one-shot,caller-owned-value,none,none,provider-native,"rolldown / cli-build-stdout / selected-command / one-shot / {caller-owned-value, none}",selected rolldown bin; argv/cwd/env; config file selection,Exit status + human stdout/stderr; stdout may interleave multiple outputs; no structured chunk contract,Scope owns child,selected command content identity observed separately from imported package identity; reauthenticated at launch,any spawning host,effect-build-rolldown,operation preflight + launch boundary + execution,public CLI bin,tagged source v1.2.4,established,defer,uncommitted,not-implemented,not-certified,EC-ROL-SRC,OP-ROL-010,
CO-ROL-09,operation,rolldown,cli-build-direct-write,selected-command,one-shot,caller-owned-value,provider-direct-durable,provider-direct-durable,provider-native,"rolldown / cli-build-direct-write / selected-command / one-shot / {caller-owned-value, provider-direct-durable}",selected rolldown bin; output destination flags; config authority,Exit status + provider-written tree; not atomic,Scope owns child; remnants empirical,as CO-ROL-08,any spawning host,effect-build-rolldown,operation preflight + launch boundary + execution,public CLI bin,tagged source v1.2.4,established,defer,uncommitted,not-implemented,not-certified,EC-ROL-SRC,OP-ROL-011,resource_result corrected from supplement's no-public-value: exit status and streams are caller-owned observations (vocabulary discipline; MSD-08)
CO-ROL-10,operation,rolldown,cli-watch,selected-command,scoped-process,long-lived-handle,provider-direct-durable,provider-direct-durable,provider-native,"rolldown / cli-watch / selected-command / scoped-process / {long-lived-handle, provider-direct-durable}",selected rolldown bin; watch flags,Human streams + repeated direct writes; no typed events,Scope terminates child; reap/remnant laws empirical,as CO-ROL-08,any spawning host,effect-build-rolldown,operation preflight + launch boundary + execution,public CLI bin; watch experimental,tagged source v1.2.4,established,defer,uncommitted,not-implemented,not-certified,EC-ROL-SRC,OP-ROL-012,
CO-ROL-11,operation,rolldown,transform,in-process-api,one-shot,caller-owned-value,none,none,provider-native,"rolldown / transform / in-process-api / one-shot / {caller-owned-value, none}",per-call transform options + one source,Provider-native diagnostics,Interruption stops awaiting,as CO-ROL-01,as CO-ROL-01,effect-build-rolldown,execution,experimental utility export,tagged source v1.2.4,established,defer,uncommitted,not-implemented,not-certified,EC-ROL-SRC,OP-ROL-013,
CO-ROL-12,operation,rolldown,parse,in-process-api,one-shot,caller-owned-value,none,none,provider-native,"rolldown / parse / in-process-api / one-shot / {caller-owned-value, none}",per-call parse options + one source,Provider-native diagnostics,Interruption stops awaiting,as CO-ROL-01,as CO-ROL-01,effect-build-rolldown,execution,public utility export,tagged source v1.2.4,established,defer,uncommitted,not-implemented,not-certified,EC-ROL-SRC,OP-ROL-014,
CO-ROL-13,operation,rolldown,minify,in-process-api,one-shot,caller-owned-value,none,none,provider-native,"rolldown / minify / in-process-api / one-shot / {caller-owned-value, none}",per-call minify options + one source,Provider-native diagnostics,Interruption stops awaiting,as CO-ROL-01,as CO-ROL-01,effect-build-rolldown,execution,experimental utility export,tagged source v1.2.4,established,defer,uncommitted,not-implemented,not-certified,EC-ROL-SRC,OP-ROL-015,
CO-ROL-14,operation,rolldown,create-resolver,in-process-api,one-shot,caller-owned-value,none,none,provider-native,"rolldown / create-resolver / in-process-api / one-shot / {caller-owned-value, none}",ResolverFactory options captured at construction; resolve calls are sub-operations,Provider-native resolution errors per call,No documented release protocol,as CO-ROL-01,as CO-ROL-01,effect-build-rolldown,execution,experimental utility export,tagged source v1.2.4,established,defer,uncommitted,not-implemented,not-certified,EC-ROL-SRC,OP-ROL-016,Modeled parallel to Bun create-transpiler (reusable configured object); falsifier: a dispose/release member reclassifies to scoped-context (MSD-09)
CO-ROL-15,operation,rolldown,scan,in-process-api,one-shot,scope-borrowed-value,none,none,provider-native,"rolldown / scan / in-process-api / one-shot / {scope-borrowed-value, none}",scan options; result carries a cleanup obligation (promise-resolving-to-cleanup shape),Provider-native failures; cleanup failure semantics empirical,Interruption-vs-cleanup ordering empirical,as CO-ROL-01,as CO-ROL-01,effect-build-rolldown,execution,experimental utility export,tagged source v1.2.4,established,defer,uncommitted,not-implemented,not-certified,EC-ROL-SRC,OP-ROL-017,Supplement's one-shot-with-cleanup mapped to one-shot + scope-borrowed-value (closed vocabulary; MSD-08)
CO-ROL-16,operation,rolldown,emit-isolated-declaration,in-process-api,one-shot,caller-owned-value,none,none,provider-native,"rolldown / emit-isolated-declaration / in-process-api / one-shot / {caller-owned-value, none}",per-call declaration options + one source,Provider-native diagnostics,Interruption stops awaiting,as CO-ROL-01,as CO-ROL-01,effect-build-rolldown,execution,experimental utility export,tagged source v1.2.4,established,defer (rejected from current profile),uncommitted,not-implemented,not-certified,EC-ROL-SRC,OP-ROL-020,
CO-ROL-17,operation,rolldown,module-runner-transform,in-process-api,one-shot,caller-owned-value,none,none,provider-native,"rolldown / module-runner-transform / in-process-api / one-shot / {caller-owned-value, none}",deprecated Vite-only transform,Provider-native diagnostics,Interruption stops awaiting,as CO-ROL-01,as CO-ROL-01,effect-build-rolldown,execution,deprecated; Vite-only,tagged source v1.2.4,established,reject,none,not-implemented,not-certified,EC-ROL-SRC,OP-ROL-021,
CO-ROL-18,operation,rolldown,load-config,in-process-api,one-shot,caller-owned-value,none,none,provider-native,"rolldown / load-config / in-process-api / one-shot / {caller-owned-value, none}",config path selection; executes caller-selected configuration code (explicit trust boundary),Rejection on load/evaluation failure,Interruption stops awaiting; executed config side effects are caller authority,as CO-ROL-01,as CO-ROL-01,effect-build-rolldown,execution,public config helper,tagged source v1.2.4,established,defer,uncommitted,not-implemented,not-certified,EC-ROL-SRC,OP-ROL-022,
CU-ROL-01,candidate-unresolved,rolldown,dev-engine,in-process-api,scoped-context,long-lived-handle,unresolved-mode-dependent,unresolved-mode-dependent,provider-native,incomplete: publication depends on configured callbacks/write mode and must be split by mode before entering the canon,DevEngine options; HMR/output callbacks; lazy entries,empirical,empirical,as CO-ROL-01,as CO-ROL-01,effect-build-rolldown,execution,experimental provider-only API,tagged source v1.2.4,proposed,reject-current,none,not-implemented,not-certified,EC-ROL-SRC,OP-ROL-018;OP-ROL-019,Cannot receive a complete semantic key: supplement's mixed-configured publication is an illegal vocabulary state; requires per-mode split (memory vs direct-write) before admission (MSD-08; schema finding F5)
RC-SEA-01,runtime-capability,node-sea,is-sea,runtime-api,runtime-lookup,caller-owned-value,none,none,provider-native,"node-sea / is-sea / runtime-api / runtime-lookup / {caller-owned-value, none}",sea.isSea() inside produced artifact,n/a,n/a,exact base Node identity embedded in artifact,artifact runtime only; v21.7.0/v20.12.0+,effect-build-node-sea,artifact runtime,active development,official upstream v26.7.0 docs + commit ledger,established,capability-map,uncommitted,not-implemented,not-certified,EC-SEA-DOC;EC-SEA-COMMITS,AC-RC-001;S04,Runtime capability of the artifact contract; not a build operation (grouping law GL-3)
RC-SEA-02,runtime-capability,node-sea,get-asset,runtime-api,runtime-lookup,caller-owned-value,none,none,provider-native,"node-sea / get-asset / runtime-api / runtime-lookup / {caller-owned-value, none}","sea.getAsset(key[,encoding]) returns copied ArrayBuffer or decoded string",missing-key behavior; encoding semantics,n/a,exact base Node identity,artifact runtime; v21.7.0/v20.12.0+,effect-build-node-sea,artifact runtime,active development,official upstream docs + commit ledger,established,capability-map,uncommitted,not-implemented,not-certified,EC-SEA-DOC;EC-SEA-COMMITS,AC-RC-002;S04,Copied value is caller-owned (contrast RC-SEA-04)
RC-SEA-03,runtime-capability,node-sea,get-asset-blob,runtime-api,runtime-lookup,caller-owned-value,none,none,provider-native,"node-sea / get-asset-blob / runtime-api / runtime-lookup / {caller-owned-value, none}","sea.getAssetAsBlob(key[,options]) with optional MIME",missing-key behavior,n/a,exact base Node identity,artifact runtime; v21.7.0/v20.12.0+,effect-build-node-sea,artifact runtime,active development,official upstream docs + commit ledger,established,capability-map,uncommitted,not-implemented,not-certified,EC-SEA-DOC;EC-SEA-COMMITS,AC-RC-003;S04,
RC-SEA-04,runtime-capability,node-sea,get-raw-asset,runtime-api,runtime-lookup,runtime-borrowed-view,none,none,provider-native,"node-sea / get-raw-asset / runtime-api / runtime-lookup / {runtime-borrowed-view, none}",sea.getRawAsset(key) no-copy view backed by embedded executable resource,write-through unsupported and may crash (rejected use),n/a,exact base Node identity,artifact runtime; v21.7.0/v20.12.0+,effect-build-node-sea,artifact runtime,active development,official upstream docs + source,established,capability-map (mutation rejected),uncommitted,not-implemented,not-certified,EC-SEA-DOC;EC-SEA-SRC,AC-RC-004;AC-RC-005;S04,The only runtime-borrowed-view in the corpus; wrapper lifetime proof owed to R4
RC-SEA-05,runtime-capability,node-sea,get-asset-keys,runtime-api,runtime-lookup,caller-owned-value,none,none,provider-native,"node-sea / get-asset-keys / runtime-api / runtime-lookup / {caller-owned-value, none}",sea.getAssetKeys() enumerates embedded keys; empty array when none,n/a,n/a,exact base Node identity,artifact runtime; v24.8.0/v22.20.0+,effect-build-node-sea,artifact runtime,active development,official upstream docs + commit ledger,established,capability-map,uncommitted,not-implemented,not-certified,EC-SEA-DOC;EC-SEA-COMMITS,AC-RC-006,
RC-DEN-01,runtime-capability,deno,compiled-runtime-bundle,runtime-api,runtime-lookup,none,none,none,provider-native,"deno / compiled-runtime-bundle / runtime-api / runtime-lookup / {none, none}",Deno.bundle inside a compiled artifact,v2.9.5 denort default BundleProvider reports unavailable; 2.9.3 recorded TypeError,n/a,exact denort identity embedded in artifact,artifact runtime,effect-build-deno,artifact runtime,unavailable,tagged source v2.9.5 + recorded execution 2.9.3,falsified-availability,reject-as-surface,known-incompatible at observed coordinates,not-implemented,not-certified,EC-DEN-SRC;EC-DEN-RECEIPT;EC-CM-COMPILED,DENO-CL-046;DENO-CL-051;D09,Belongs to the runtime capability map; re-probe per new identity without inventing a portable error
RC-ESB-01,runtime-capability,esbuild,version-export,in-process-api,one-shot,caller-owned-value,none,none,provider-native,"esbuild / version-export / in-process-api / one-shot / {caller-owned-value, none}",esbuild.version module-level string,Reports the JS package's own version only; proves nothing about the native binary,n/a,five-component identity,all hosts,effect-build-esbuild,operation preflight (identity input only),stable,package+tagged-source 0.28.2,established,capability-map,uncommitted,not-implemented,not-certified,EC-ESB-PKG;EC-ESB-SRC,CLM-087,Binary identity comes from first-packet check or executing the binary's --version; never from this export
