source_artifact,source_id,source_kind,mapped_to,mapping,note
provider-operation-inventory.csv @ c4cefd0acc2b,B01,Bun.build one-shot,CO-BUN-06;CO-BUN-07,split,memory vs direct-write publication split
provider-operation-inventory.csv @ c4cefd0acc2b,B02,virtual-file build,CO-BUN-06,demoted,virtual files are a request mode (SC-B-15)
provider-operation-inventory.csv @ c4cefd0acc2b,B03,direct-write bundle,CO-BUN-07,adopted,
provider-operation-inventory.csv @ c4cefd0acc2b,B04,bun build one-shot,CO-BUN-08;CO-BUN-09,split,stdout vs direct-write publication split
provider-operation-inventory.csv @ c4cefd0acc2b,B05,bun build --watch,CO-BUN-10,adopted,
provider-operation-inventory.csv @ c4cefd0acc2b,B06,plugins/loaders,CO-BUN-06;CO-BUN-07;CO-BUN-11;CO-BUN-13;CO-BUN-14,demoted,per-build plugins are request modes/sub-operations (SC-B-24); ambient global registration split out as rejected operations
provider-operation-inventory.csv @ c4cefd0acc2b,B07,HTML graph bundle,CO-BUN-06;CO-BUN-07;CO-BUN-09,demoted,HTML graph entry is a request mode (SC-B-16; MSD-12); merged API/command row split by lane+publication
provider-operation-inventory.csv @ c4cefd0acc2b,B08,splitting/chunks/assets/maps/metafile,CO-BUN-06;CO-BUN-07;CO-BUN-09,demoted,splitting/chunks/assets/maps/metafile are modifiers/result fields (SC-B-19..22); merged API/command row resolved
provider-operation-inventory.csv @ c4cefd0acc2b,B09,compile executable,CO-BUN-11;CO-BUN-12,split,merged API/command row split by lane; command lane carries wrapper contract (MSD-01)
provider-operation-inventory.csv @ c4cefd0acc2b,B10,full-stack HTML executable,CO-BUN-06;CO-BUN-07;CO-BUN-11;CO-BUN-12,demoted,full-stack is a request mode (SC-B-17; MSD-12)
provider-operation-inventory.csv @ c4cefd0acc2b,D01,Deno.bundle memory,CO-DEN-01,adopted,
provider-operation-inventory.csv @ c4cefd0acc2b,D02,Deno.bundle write,CO-DEN-02,adopted,
provider-operation-inventory.csv @ c4cefd0acc2b,D03,deno bundle stdout,CO-DEN-03,adopted,
provider-operation-inventory.csv @ c4cefd0acc2b,D04,deno bundle outdir/split,CO-DEN-04,adopted,
provider-operation-inventory.csv @ c4cefd0acc2b,D05,deno bundle --watch,CO-DEN-05,adopted,
provider-operation-inventory.csv @ c4cefd0acc2b,D06,bundle declarations/check,CO-DEN-06;CO-DEN-09,split,merged API/command row resolved to command lane only; bundle vs transpile declarations kept distinct (MSD-05)
provider-operation-inventory.csv @ c4cefd0acc2b,D07,deno compile,CO-DEN-10,adopted,
provider-operation-inventory.csv @ c4cefd0acc2b,D08,compile runtime acquisition,CO-DEN-10,demoted,denort acquisition is a declared sub-operation + relations (SC-D-17; MSD-19)
provider-operation-inventory.csv @ c4cefd0acc2b,D09,compiled runtime Deno.bundle,RC-DEN-01,reclassified,runtime capability map entry; falsified availability at observed coordinates
provider-operation-inventory.csv @ c4cefd0acc2b,D10,bundle permission boundary,CO-DEN-01;CO-DEN-02,reclassified,permission authority is a relation/evidence coordinate (SC-D-18; MSD-20)
provider-operation-inventory.csv @ c4cefd0acc2b,E01,build one-shot,CO-ESB-01;CO-ESB-02;CO-ESB-19,split,three publication laws in one row (MSD-14)
provider-operation-inventory.csv @ c4cefd0acc2b,E02,transform,CO-ESB-03,adopted,
provider-operation-inventory.csv @ c4cefd0acc2b,E03,context creation,CO-ESB-11;CO-ESB-12,split,context split by captured write mode (MSD-13)
provider-operation-inventory.csv @ c4cefd0acc2b,E04,context.rebuild,CO-ESB-11;CO-ESB-12,demoted,rebuild is a sub-operation of the context owner (SC-E-20)
provider-operation-inventory.csv @ c4cefd0acc2b,E05,context.watch,CO-ESB-11;CO-ESB-12,demoted,watch is a sub-operation (SC-E-21)
provider-operation-inventory.csv @ c4cefd0acc2b,E06,context.serve,CO-ESB-11;CO-ESB-12,demoted,serve is a sub-operation (SC-E-22)
provider-operation-inventory.csv @ c4cefd0acc2b,E07,context.cancel,CO-ESB-11;CO-ESB-12,demoted,cancel is a sub-operation (SC-E-23)
provider-operation-inventory.csv @ c4cefd0acc2b,E08,context.dispose,CO-ESB-11;CO-ESB-12,demoted,dispose is the release sub-operation (SC-E-24)
provider-operation-inventory.csv @ c4cefd0acc2b,E09,plugins/loaders,CO-ESB-01;CO-ESB-02;CO-ESB-11;CO-ESB-12,demoted,plugins are a request-mode family + sub-operations (SC-E-26/29)
provider-operation-inventory.csv @ c4cefd0acc2b,E10,metafile/analyze,CO-ESB-04,split,analyzeMetafile is the operation; metafile production is a build result field (SC-E-31/34)
provider-operation-inventory.csv @ c4cefd0acc2b,E11,CLI build/watch/serve,CO-ESB-15;CO-ESB-16;CO-ESB-17;CO-ESB-18,split,four operations by lifetime+publication (MSD-15)
provider-operation-inventory.csv @ c4cefd0acc2b,E12,JS API native child,CO-ESB-13;CO-ESB-14,reclassified,public stop/initialize operations (rejected) + architecture laws SC-E-48/43 (MSD-16)
provider-operation-inventory.csv @ c4cefd0acc2b,S01,direct --build-sea,CO-SEA-01,adopted,
provider-operation-inventory.csv @ c4cefd0acc2b,S02,CommonJS main,CO-SEA-01;CO-SEA-02,demoted,CJS mainFormat is a request mode (SC-S-05; MSD-21)
provider-operation-inventory.csv @ c4cefd0acc2b,S03,ESM main,CO-SEA-01;CO-SEA-02,demoted,ESM mainFormat is a version-gated request mode (SC-S-05)
provider-operation-inventory.csv @ c4cefd0acc2b,S04,asset embedding/runtime API,CO-SEA-01;CO-SEA-02;RC-SEA-01;RC-SEA-02;RC-SEA-03;RC-SEA-04;RC-SEA-05,split,build half is a request mode (SC-S-06); runtime half is the capability family (MSD-11)
provider-operation-inventory.csv @ c4cefd0acc2b,S05,code cache,CO-SEA-01;CO-SEA-02,demoted,code cache is a request mode with relations (SC-S-08)
provider-operation-inventory.csv @ c4cefd0acc2b,S06,startup snapshot,CO-SEA-01;CO-SEA-02,demoted,snapshot is a request mode with relations (SC-S-07)
provider-operation-inventory.csv @ c4cefd0acc2b,S07,execArgv policy,CO-SEA-01;CO-SEA-02,demoted,execArgv/extension are request modes (SC-S-09)
provider-operation-inventory.csv @ c4cefd0acc2b,S08,legacy blob/injection,CO-SEA-02;CO-SEA-03,split,legacy pipeline splits into blob generation and injection operations
provider-operation-inventory.csv @ c4cefd0acc2b,S09,signing/verification,CO-SEA-01;CO-SEA-03,split,candidate-correctness repair stays as sub-operations (SC-S-25/26); distribution trust excluded to R9/M4 (MSD-22)
provider-operation-inventory.csv @ c4cefd0acc2b,S10,builder/base relation,CO-SEA-01;CO-SEA-02;CO-SEA-03,adopted-with-correction,relation generalized to wherever participants are separate (MSD-23)
provider-operation-inventory.csv @ c4cefd0acc2b,F01,ChildProcess command,SC-X-01,reclassified,Effect primitive used directly (D2)
provider-operation-inventory.csv @ c4cefd0acc2b,F02,Scope,SC-X-01,reclassified,Effect primitive used directly
provider-operation-inventory.csv @ c4cefd0acc2b,F03,Stream/Sink,SC-X-01,reclassified,Effect primitive used directly
provider-operation-inventory.csv @ c4cefd0acc2b,F04,FileSystem/Path,SC-X-01,reclassified,Effect primitive used directly
provider-operation-inventory.csv @ c4cefd0acc2b,F05,Context/Layer,SC-X-01,reclassified,Effect primitive used directly
provider-operation-inventory.csv @ c4cefd0acc2b,F06,Cause/interruption,SC-X-01,reclassified,Effect primitive used directly
provider-operation-inventory.csv @ c4cefd0acc2b,F07,logging/tracing,SC-X-01,reclassified,Effect primitive used directly
provider-operation-inventory.csv @ c4cefd0acc2b,R01,NodeMainProgram,SC-X-02,adopted,portable-role proof program (D8)
provider-operation-inventory.csv @ c4cefd0acc2b,R02,BrowserModuleGraphApplication,SC-X-03,adopted-with-correction,narrowed successor BrowserModulePayload per browser-role decision table
provider-operation-inventory.csv @ c4cefd0acc2b,R03,RuntimeExecutable,SC-X-04,adopted,falsified role retained as falsifier
provider-operation-inventory.csv @ c4cefd0acc2b,R04,TypedWatchEvents,SC-X-05,adopted,falsified role; D7 research is the only open path
provider-operation-inventory.csv @ c4cefd0acc2b,R05,operation-owned public surface boundary,SC-X-06,adopted,the key of this canon
operation-version-matrix.csv @ c4cefd0acc2b,CM-01,bun/bundle/selected-command/observed-CI-point,EC-CM-01,evidence-grouped,matrix row carried as an evidence coordinate; never a support range
operation-version-matrix.csv @ c4cefd0acc2b,CM-02,bun/bundle/selected-command/observed-CI-point,EC-CM-02,evidence-grouped,matrix row carried as an evidence coordinate; never a support range
operation-version-matrix.csv @ c4cefd0acc2b,CM-03,bun/Bun.build bundle/host-api/observed-CI-point,EC-CM-03,evidence-grouped,matrix row carried as an evidence coordinate; never a support range
operation-version-matrix.csv @ c4cefd0acc2b,CM-04,bun/Bun.build bundle/host-api/observed-CI-point,EC-CM-04,evidence-grouped,matrix row carried as an evidence coordinate; never a support range
operation-version-matrix.csv @ c4cefd0acc2b,CM-05,bun/compile executable/selected-command/library-policy-supported,EC-CM-05,evidence-grouped,matrix row carried as an evidence coordinate; never a support range
operation-version-matrix.csv @ c4cefd0acc2b,CM-06,bun/compile executable/selected-command/library-policy-supported,EC-CM-06,evidence-grouped,matrix row carried as an evidence coordinate; never a support range
operation-version-matrix.csv @ c4cefd0acc2b,CM-07,bun/bundle/compile/selected-command/unknown,EC-CM-07,evidence-grouped,matrix row carried as an evidence coordinate; never a support range
operation-version-matrix.csv @ c4cefd0acc2b,CM-08,bun/bundle/compile/selected-command/overridden-unknown,EC-CM-08,evidence-grouped,matrix row carried as an evidence coordinate; never a support range
operation-version-matrix.csv @ c4cefd0acc2b,CM-09,deno/compile executable/selected-command/observed-CI-point,EC-CM-09,evidence-grouped,matrix row carried as an evidence coordinate; never a support range
operation-version-matrix.csv @ c4cefd0acc2b,CM-10,deno/bundle/selected-command/observed-CI-point,EC-CM-10,evidence-grouped,matrix row carried as an evidence coordinate; never a support range
operation-version-matrix.csv @ c4cefd0acc2b,CM-11,deno/bundle/selected-command/observed-CI-point,EC-CM-11,evidence-grouped,matrix row carried as an evidence coordinate; never a support range
operation-version-matrix.csv @ c4cefd0acc2b,CM-12,deno/Deno.bundle/host-api/observed-CI-point,EC-CM-12,evidence-grouped,matrix row carried as an evidence coordinate; never a support range
operation-version-matrix.csv @ c4cefd0acc2b,CM-13,deno/Deno.bundle/host-api/observed-CI-point,EC-CM-13,evidence-grouped,matrix row carried as an evidence coordinate; never a support range
operation-version-matrix.csv @ c4cefd0acc2b,CM-14,deno/Deno.bundle/compiled-runtime-api/known-incompatible,EC-CM-14,evidence-grouped,matrix row carried as an evidence coordinate; never a support range
operation-version-matrix.csv @ c4cefd0acc2b,CM-15,deno/compile executable/selected-command/known-incompatible,EC-CM-15,evidence-grouped,matrix row carried as an evidence coordinate; never a support range
operation-version-matrix.csv @ c4cefd0acc2b,CM-16,esbuild/one-shot bundle/in-process-js-api/library-policy-supported,EC-CM-16,evidence-grouped,matrix row carried as an evidence coordinate; never a support range
operation-version-matrix.csv @ c4cefd0acc2b,CM-17,esbuild/context/rebuild/cancel/dispose/in-process-js-api/observed-CI-point,EC-CM-17,evidence-grouped,matrix row carried as an evidence coordinate; never a support range
operation-version-matrix.csv @ c4cefd0acc2b,CM-18,esbuild/context/rebuild/cancel/dispose/in-process-js-api/observed-CI-point,EC-CM-18,evidence-grouped,matrix row carried as an evidence coordinate; never a support range
operation-version-matrix.csv @ c4cefd0acc2b,CM-19,esbuild/serve/CLI/API/known-bad-hole,EC-CM-19,evidence-grouped,matrix row carried as an evidence coordinate; never a support range
operation-version-matrix.csv @ c4cefd0acc2b,CM-20,esbuild/context lifecycle/CLI/known-incompatible,EC-CM-20,evidence-grouped,matrix row carried as an evidence coordinate; never a support range
operation-version-matrix.csv @ c4cefd0acc2b,CM-21,node/assemble SEA/selected-command/observed-CI-point,EC-CM-21,evidence-grouped,matrix row carried as an evidence coordinate; never a support range
operation-version-matrix.csv @ c4cefd0acc2b,CM-22,node/assemble SEA/selected-command/observed-CI-point,EC-CM-22,evidence-grouped,matrix row carried as an evidence coordinate; never a support range
operation-version-matrix.csv @ c4cefd0acc2b,CM-23,node/assemble SEA/selected-command/known-incompatible,EC-CM-23,evidence-grouped,matrix row carried as an evidence coordinate; never a support range
operation-version-matrix.csv @ c4cefd0acc2b,CM-24,node/assemble SEA/selected-command/known-incompatible,EC-CM-24,evidence-grouped,matrix row carried as an evidence coordinate; never a support range
operation-version-matrix.csv @ c4cefd0acc2b,CM-25,effect/declarations + runtime/npm graph / TypeScript / runtime/observed-CI-point,EC-CM-25,evidence-grouped,matrix row carried as an evidence coordinate; never a support range
operation-version-matrix.csv @ c4cefd0acc2b,CM-26,effect/declarations + runtime/npm graph / TypeScript / runtime/observed-CI-point,EC-CM-26,evidence-grouped,matrix row carried as an evidence coordinate; never a support range
operation-version-matrix.csv @ c4cefd0acc2b,CM-27,provider/core/npm peer/fresh packed consumer/observed-CI-point,EC-CM-27,evidence-grouped,matrix row carried as an evidence coordinate; never a support range
operation-version-matrix.csv @ c4cefd0acc2b,CM-28,provider/core/npm peer/fresh packed consumer/known-incompatible,EC-CM-28,evidence-grouped,matrix row carried as an evidence coordinate; never a support range
operation-version-matrix.csv @ c4cefd0acc2b,CM-29,portable profile/protocol validation/provider/core adapter/known-incompatible,EC-CM-29,evidence-grouped,matrix row carried as an evidence coordinate; never a support range
operation-version-matrix.csv @ c4cefd0acc2b,CM-30,all providers/operation inventory reconciliation/all/unknown,EC-CM-30,evidence-grouped,matrix row carried as an evidence coordinate; never a support range
operation-version-matrix.csv @ c4cefd0acc2b,CM-31,bun/bundle / standalone compile/selected-command and host-api/upstream-declared-support,EC-CM-31,evidence-grouped,matrix row carried as an evidence coordinate; never a support range
operation-version-matrix.csv @ c4cefd0acc2b,CM-32,deno/Deno.bundle/host-api/upstream-declared-support,EC-CM-32,evidence-grouped,matrix row carried as an evidence coordinate; never a support range
operation-version-matrix.csv @ c4cefd0acc2b,CM-33,deno/compile executable/selected-command/upstream-declared-support,EC-CM-33,evidence-grouped,matrix row carried as an evidence coordinate; never a support range
operation-version-matrix.csv @ c4cefd0acc2b,CM-34,esbuild/context/rebuild/watch/cancel/dispose/in-process-js-api/upstream-declared-support,EC-CM-34,evidence-grouped,matrix row carried as an evidence coordinate; never a support range
operation-version-matrix.csv @ c4cefd0acc2b,CM-35,node/assemble SEA with --build-sea/selected-command/upstream-declared-support,EC-CM-35,evidence-grouped,matrix row carried as an evidence coordinate; never a support range
r2/bun @ 509d7d6b91c6,OP-BUN-001,operation,CO-BUN-01,adopted-with-correction,resource_result corrected long-lived-handle -> caller-owned-value (MSD-09)
r2/bun @ 509d7d6b91c6,OP-BUN-002,operation,CO-BUN-02,adopted,
r2/bun @ 509d7d6b91c6,OP-BUN-003,operation,CO-BUN-03,adopted,
r2/bun @ 509d7d6b91c6,OP-BUN-004,operation,CO-BUN-04,adopted,
r2/bun @ 509d7d6b91c6,OP-BUN-005,operation,CO-BUN-05,adopted,
r2/bun @ 509d7d6b91c6,OP-BUN-006,operation,CO-BUN-06,adopted,
r2/bun @ 509d7d6b91c6,OP-BUN-007,operation,CO-BUN-07,adopted,
r2/bun @ 509d7d6b91c6,OP-BUN-008,operation,CO-BUN-08,adopted,
r2/bun @ 509d7d6b91c6,OP-BUN-009,operation,CO-BUN-09,adopted,
r2/bun @ 509d7d6b91c6,OP-BUN-010,operation,CO-BUN-10,adopted,
r2/bun @ 509d7d6b91c6,OP-BUN-011,operation,CO-BUN-11,adopted,
r2/bun @ 509d7d6b91c6,OP-BUN-012,operation,CO-BUN-12,merged,merged with OP-BUN-013 into CO-BUN-12 (MSD-01)
r2/bun @ 509d7d6b91c6,OP-BUN-013,operation,CO-BUN-12,merged,merged with OP-BUN-012 into CO-BUN-12 (MSD-01)
r2/bun @ 509d7d6b91c6,OP-BUN-014,operation,CO-BUN-13,adopted-with-correction,lane corrected runtime-api -> host-api (MSD-11)
r2/bun @ 509d7d6b91c6,OP-BUN-015,operation,CO-BUN-14,adopted-with-correction,lane corrected runtime-api -> host-api (MSD-11)
r2/bun @ 509d7d6b91c6,LAW-001,architecture-law,METHOD,adopted,decomposition law adopted as this synthesis's method
r2/bun @ 509d7d6b91c6,LAW-002,architecture-law,METHOD,adopted,operations-only-get-keys law adopted as method
r2/bun @ 509d7d6b91c6,LAW-003,architecture-law,SC-X-08,adopted,identity law
r2/bun @ 509d7d6b91c6,LAW-004,architecture-law,SC-X-07,adopted,
r2/bun @ 509d7d6b91c6,LAW-005,architecture-law,SC-X-07,adopted,
r2/bun @ 509d7d6b91c6,LAW-006,architecture-law,SC-X-07,adopted,
r2/bun @ 509d7d6b91c6,LAW-007,architecture-law,SC-X-08,adopted,docs cannot certify
r2/bun @ 509d7d6b91c6,LAW-008,architecture-law,SC-B-30,adopted,interruption is not provider cancellation
r2/bun @ 509d7d6b91c6,LAW-009,architecture-law,SC-E-50,adopted,provider-direct write law (cross-provider)
r2/bun @ 509d7d6b91c6,LAW-010,architecture-law,SC-B-40,adopted,
r2/bun @ 509d7d6b91c6,LAW-011,architecture-law,SC-B-37,adopted,
r2/bun @ 509d7d6b91c6,LAW-012,architecture-law,SC-B-27,adopted,
r2/bun @ 509d7d6b91c6,LAW-013,architecture-law,SC-S-27;SC-B-32,adopted,signing boundary
r2/bun @ 509d7d6b91c6,LAW-014,architecture-law,SC-B-16,adopted,
r2/bun @ 509d7d6b91c6,LAW-015,architecture-law,SC-B-38,adopted,
r2/bun @ 509d7d6b91c6,OPC-001,operation,CO-BUN-01,adopted-with-correction,resource_result corrected long-lived-handle -> caller-owned-value (MSD-09)
r2/bun @ 509d7d6b91c6,OPC-002,operation,CO-BUN-02,adopted,
r2/bun @ 509d7d6b91c6,OPC-003,operation,CO-BUN-03,adopted,
r2/bun @ 509d7d6b91c6,OPC-004,operation,CO-BUN-04,adopted,
r2/bun @ 509d7d6b91c6,OPC-005,operation,CO-BUN-05,adopted,
r2/bun @ 509d7d6b91c6,OPC-006,operation,CO-BUN-06,adopted,
r2/bun @ 509d7d6b91c6,OPC-007,operation,CO-BUN-07,adopted,
r2/bun @ 509d7d6b91c6,OPC-008,operation,CO-BUN-08,adopted,
r2/bun @ 509d7d6b91c6,OPC-009,operation,CO-BUN-09,adopted,
r2/bun @ 509d7d6b91c6,OPC-010,operation,CO-BUN-10,adopted,
r2/bun @ 509d7d6b91c6,OPC-011,operation,CO-BUN-11,adopted,
r2/bun @ 509d7d6b91c6,OPC-012,operation,CO-BUN-12,merged,merged with OP-BUN-013 into CO-BUN-12 (MSD-01)
r2/bun @ 509d7d6b91c6,OPC-013,operation,CO-BUN-12,merged,merged with OP-BUN-012 into CO-BUN-12 (MSD-01)
r2/bun @ 509d7d6b91c6,OPC-014,operation,CO-BUN-13,adopted-with-correction,lane corrected runtime-api -> host-api (MSD-11)
r2/bun @ 509d7d6b91c6,OPC-015,operation,CO-BUN-14,adopted-with-correction,lane corrected runtime-api -> host-api (MSD-11)
r2/bun @ 509d7d6b91c6,C-BUN-001,request mode,CO-BUN-01,adopted,
r2/bun @ 509d7d6b91c6,C-BUN-002,request mode,CO-BUN-01,adopted,
r2/bun @ 509d7d6b91c6,C-BUN-003,modifier,CO-BUN-01,adopted,
r2/bun @ 509d7d6b91c6,C-BUN-004,modifier,CO-BUN-01,adopted,
r2/bun @ 509d7d6b91c6,C-BUN-005,modifier,CO-BUN-01,adopted,
r2/bun @ 509d7d6b91c6,C-BUN-006,modifier,CO-BUN-01,adopted,
r2/bun @ 509d7d6b91c6,C-BUN-007,modifier,CO-BUN-01,adopted,
r2/bun @ 509d7d6b91c6,C-BUN-008,relation,CO-BUN-01,adopted,
r2/bun @ 509d7d6b91c6,C-BUN-009,runtime capability,CO-BUN-01,adopted,
r2/bun @ 509d7d6b91c6,C-BUN-010,modifier,CO-BUN-02,adopted,
r2/bun @ 509d7d6b91c6,C-BUN-011,result field,CO-BUN-02,adopted,
r2/bun @ 509d7d6b91c6,C-BUN-012,runtime capability,CO-BUN-02,adopted,
r2/bun @ 509d7d6b91c6,C-BUN-013,relation,CO-BUN-02,adopted,
r2/bun @ 509d7d6b91c6,C-BUN-014,runtime capability,CO-BUN-02,adopted,
r2/bun @ 509d7d6b91c6,C-BUN-015,modifier,CO-BUN-03,adopted,
r2/bun @ 509d7d6b91c6,C-BUN-016,result field,CO-BUN-03,adopted,
r2/bun @ 509d7d6b91c6,C-BUN-017,runtime capability,CO-BUN-03,adopted,
r2/bun @ 509d7d6b91c6,C-BUN-018,relation,CO-BUN-03,adopted,
r2/bun @ 509d7d6b91c6,C-BUN-019,result field,CO-BUN-04,adopted,
r2/bun @ 509d7d6b91c6,C-BUN-020,result field,CO-BUN-04,adopted,
r2/bun @ 509d7d6b91c6,C-BUN-021,relation,CO-BUN-04,adopted,
r2/bun @ 509d7d6b91c6,C-BUN-022,result field,CO-BUN-05,adopted,
r2/bun @ 509d7d6b91c6,C-BUN-023,relation,CO-BUN-05,adopted,
r2/bun @ 509d7d6b91c6,C-BUN-024,result field,CO-BUN-04;CO-BUN-05,adopted,
r2/bun @ 509d7d6b91c6,C-BUN-025,request mode,CO-BUN-06,adopted,
r2/bun @ 509d7d6b91c6,C-BUN-026,request mode,CO-BUN-07,adopted,
r2/bun @ 509d7d6b91c6,C-BUN-027,request mode,CO-BUN-06;CO-BUN-07,adopted,
r2/bun @ 509d7d6b91c6,C-BUN-028,request mode,CO-BUN-06;CO-BUN-07,adopted,
r2/bun @ 509d7d6b91c6,C-BUN-029,modifier,CO-BUN-06;CO-BUN-07,adopted,
r2/bun @ 509d7d6b91c6,C-BUN-030,relation,CO-BUN-06;CO-BUN-07,adopted,
r2/bun @ 509d7d6b91c6,C-BUN-031,modifier,CO-BUN-06;CO-BUN-07,adopted,
r2/bun @ 509d7d6b91c6,C-BUN-032,modifier,CO-BUN-06;CO-BUN-07;CO-BUN-11,adopted,
r2/bun @ 509d7d6b91c6,C-BUN-033,modifier,CO-BUN-06;CO-BUN-07,adopted,
r2/bun @ 509d7d6b91c6,C-BUN-034,modifier,CO-BUN-06;CO-BUN-07,adopted,
r2/bun @ 509d7d6b91c6,C-BUN-035,modifier,CO-BUN-06;CO-BUN-07,adopted,
r2/bun @ 509d7d6b91c6,C-BUN-036,modifier,CO-BUN-06;CO-BUN-07,adopted,
r2/bun @ 509d7d6b91c6,C-BUN-037,modifier,CO-BUN-06;CO-BUN-07,adopted,
r2/bun @ 509d7d6b91c6,C-BUN-038,modifier,CO-BUN-06;CO-BUN-07,adopted,
r2/bun @ 509d7d6b91c6,C-BUN-039,modifier,CO-BUN-06;CO-BUN-07;CO-BUN-11,adopted,
r2/bun @ 509d7d6b91c6,C-BUN-040,modifier,CO-BUN-06;CO-BUN-07,adopted,
r2/bun @ 509d7d6b91c6,C-BUN-041,modifier,CO-BUN-06;CO-BUN-07,adopted,
r2/bun @ 509d7d6b91c6,C-BUN-042,modifier,CO-BUN-06;CO-BUN-07;CO-BUN-11,adopted,
r2/bun @ 509d7d6b91c6,C-BUN-043,request mode,CO-BUN-06;CO-BUN-07;CO-BUN-11,adopted,
r2/bun @ 509d7d6b91c6,C-BUN-044,result field,CO-BUN-06;CO-BUN-07;CO-BUN-11,adopted,
r2/bun @ 509d7d6b91c6,C-BUN-045,result field,CO-BUN-06;CO-BUN-07;CO-BUN-11,adopted,
r2/bun @ 509d7d6b91c6,C-BUN-046,result field,CO-BUN-06;CO-BUN-07;CO-BUN-11,adopted,
r2/bun @ 509d7d6b91c6,C-BUN-047,result field,CO-BUN-06;CO-BUN-07,adopted,
r2/bun @ 509d7d6b91c6,C-BUN-048,result field,CO-BUN-06;CO-BUN-07;CO-BUN-11,adopted,
r2/bun @ 509d7d6b91c6,C-BUN-049,result field,CO-BUN-06;CO-BUN-07;CO-BUN-11,adopted,
r2/bun @ 509d7d6b91c6,C-BUN-050,relation,CO-BUN-06;CO-BUN-07;CO-BUN-11,adopted,
r2/bun @ 509d7d6b91c6,C-BUN-051,relation,CO-BUN-06;CO-BUN-07,adopted,
r2/bun @ 509d7d6b91c6,C-BUN-052,runtime capability,CO-BUN-06;CO-BUN-07;CO-BUN-11,adopted,
r2/bun @ 509d7d6b91c6,C-BUN-053,runtime capability,CO-BUN-06;CO-BUN-07;CO-BUN-11,adopted,
r2/bun @ 509d7d6b91c6,C-BUN-054,relation,CO-BUN-07;CO-BUN-11,adopted,
r2/bun @ 509d7d6b91c6,C-BUN-055,sub-operation,CO-BUN-06;CO-BUN-07;CO-BUN-11,adopted,
r2/bun @ 509d7d6b91c6,C-BUN-056,sub-operation,CO-BUN-06;CO-BUN-07;CO-BUN-11,adopted,
r2/bun @ 509d7d6b91c6,C-BUN-057,sub-operation,CO-BUN-06;CO-BUN-07;CO-BUN-11,adopted,
r2/bun @ 509d7d6b91c6,C-BUN-058,sub-operation,CO-BUN-06;CO-BUN-07;CO-BUN-11,adopted,
r2/bun @ 509d7d6b91c6,C-BUN-059,sub-operation,CO-BUN-06;CO-BUN-07;CO-BUN-11,adopted,
r2/bun @ 509d7d6b91c6,C-BUN-060,sub-operation,CO-BUN-06;CO-BUN-07;CO-BUN-11,adopted,
r2/bun @ 509d7d6b91c6,C-BUN-061,runtime capability,CO-BUN-06;CO-BUN-07;CO-BUN-11,adopted,
r2/bun @ 509d7d6b91c6,C-BUN-062,relation,CO-BUN-06;CO-BUN-07;CO-BUN-11,adopted,
r2/bun @ 509d7d6b91c6,C-BUN-063,runtime capability,CO-BUN-06;CO-BUN-07;CO-BUN-11,adopted,
r2/bun @ 509d7d6b91c6,C-BUN-064,relation,CO-BUN-13,adopted,
r2/bun @ 509d7d6b91c6,C-BUN-065,relation,CO-BUN-14,adopted,
r2/bun @ 509d7d6b91c6,C-BUN-066,request mode,CO-BUN-06;CO-BUN-07;CO-BUN-09,adopted,
r2/bun @ 509d7d6b91c6,C-BUN-067,result field,CO-BUN-06;CO-BUN-07;CO-BUN-09,adopted,
r2/bun @ 509d7d6b91c6,C-BUN-068,relation,CO-BUN-06;CO-BUN-07;CO-BUN-09,adopted,
r2/bun @ 509d7d6b91c6,C-BUN-069,request mode,CO-BUN-06;CO-BUN-07;CO-BUN-11;CO-BUN-12,adopted,
r2/bun @ 509d7d6b91c6,C-BUN-070,relation,CO-BUN-06;CO-BUN-07;CO-BUN-11;CO-BUN-12,adopted,
r2/bun @ 509d7d6b91c6,C-BUN-071,result field,CO-BUN-06;CO-BUN-07;CO-BUN-11;CO-BUN-12,adopted,
r2/bun @ 509d7d6b91c6,C-BUN-072,request mode,CO-BUN-06;CO-BUN-07,adopted,
r2/bun @ 509d7d6b91c6,C-BUN-073,result field,CO-BUN-06;CO-BUN-07,adopted,
r2/bun @ 509d7d6b91c6,C-BUN-074,relation,CO-BUN-06;CO-BUN-07,adopted,
r2/bun @ 509d7d6b91c6,C-BUN-075,modifier,CO-BUN-06;CO-BUN-07,adopted,
r2/bun @ 509d7d6b91c6,C-BUN-076,relation,CO-BUN-06;CO-BUN-07;CO-BUN-09,adopted,
r2/bun @ 509d7d6b91c6,C-BUN-077,external-platform-primitive,CO-BUN-06;CO-BUN-07;CO-BUN-09,adopted,
r2/bun @ 509d7d6b91c6,C-BUN-078,request mode,CO-BUN-08,adopted,
r2/bun @ 509d7d6b91c6,C-BUN-079,result field,CO-BUN-08;CO-BUN-09;CO-BUN-12,adopted,
r2/bun @ 509d7d6b91c6,C-BUN-080,relation,CO-BUN-08;CO-BUN-09;CO-BUN-10;CO-BUN-12,adopted,
r2/bun @ 509d7d6b91c6,C-BUN-081,relation,CO-BUN-06;CO-BUN-07;CO-BUN-08;CO-BUN-09,adopted,
r2/bun @ 509d7d6b91c6,C-BUN-082,runtime capability,CO-BUN-08;CO-BUN-09;CO-BUN-12,adopted,
r2/bun @ 509d7d6b91c6,C-BUN-083,request mode,CO-BUN-10,adopted,
r2/bun @ 509d7d6b91c6,C-BUN-084,result field,CO-BUN-10,adopted,
r2/bun @ 509d7d6b91c6,C-BUN-085,runtime capability,CO-BUN-10,adopted,
r2/bun @ 509d7d6b91c6,C-BUN-086,relation,CO-BUN-10,adopted,
r2/bun @ 509d7d6b91c6,C-BUN-087,runtime capability,CO-BUN-10,adopted,
r2/bun @ 509d7d6b91c6,C-BUN-088,request mode,CO-BUN-11,adopted,
r2/bun @ 509d7d6b91c6,C-BUN-089,request mode,CO-BUN-12,adopted,
r2/bun @ 509d7d6b91c6,C-BUN-090,result field,CO-BUN-11;CO-BUN-12,adopted,
r2/bun @ 509d7d6b91c6,C-BUN-091,relation,CO-BUN-11;CO-BUN-12,adopted,
r2/bun @ 509d7d6b91c6,C-BUN-092,request mode,CO-BUN-11;CO-BUN-12,adopted,
r2/bun @ 509d7d6b91c6,C-BUN-093,relation,CO-BUN-06;CO-BUN-07;CO-BUN-11;CO-BUN-12,adopted,
r2/bun @ 509d7d6b91c6,C-BUN-094,request mode,CO-BUN-11;CO-BUN-12,adopted,
r2/bun @ 509d7d6b91c6,C-BUN-095,relation,CO-BUN-11;CO-BUN-12,adopted,
r2/bun @ 509d7d6b91c6,C-BUN-096,sub-operation,CO-BUN-11;CO-BUN-12,adopted,
r2/bun @ 509d7d6b91c6,C-BUN-097,relation,CO-BUN-11;CO-BUN-12,adopted,
r2/bun @ 509d7d6b91c6,C-BUN-098,external-platform-primitive,CO-BUN-11;CO-BUN-12,adopted,
r2/bun @ 509d7d6b91c6,C-BUN-099,modifier,CO-BUN-11,adopted,
r2/bun @ 509d7d6b91c6,C-BUN-100,modifier,CO-BUN-11,adopted,
r2/bun @ 509d7d6b91c6,C-BUN-101,modifier,CO-BUN-11;CO-BUN-12,adopted,
r2/bun @ 509d7d6b91c6,C-BUN-102,modifier,CO-BUN-11;CO-BUN-12,adopted,
r2/bun @ 509d7d6b91c6,C-BUN-103,modifier,CO-BUN-06;CO-BUN-07;CO-BUN-11;CO-BUN-12,adopted,
r2/bun @ 509d7d6b91c6,C-BUN-104,relation,CO-BUN-06;CO-BUN-07;CO-BUN-11;CO-BUN-12,adopted,
r2/bun @ 509d7d6b91c6,C-BUN-105,relation,CO-BUN-06;CO-BUN-07;CO-BUN-11;CO-BUN-12,adopted,
r2/bun @ 509d7d6b91c6,C-BUN-106,runtime capability,CO-BUN-06;CO-BUN-07;CO-BUN-11;CO-BUN-12,adopted,
r2/bun @ 509d7d6b91c6,C-BUN-107,relation,CO-BUN-06;CO-BUN-07;CO-BUN-11;CO-BUN-12,adopted,
r2/bun @ 509d7d6b91c6,C-BUN-108,post-production mutation,CO-BUN-11;CO-BUN-12,adopted,
r2/bun @ 509d7d6b91c6,C-BUN-109,external-platform-primitive,CO-BUN-11;CO-BUN-12,adopted,
r2/bun @ 509d7d6b91c6,C-BUN-110,runtime capability,CO-BUN-11,adopted,
r2/bun @ 509d7d6b91c6,C-BUN-111,runtime capability,CO-BUN-12,adopted,
r2/bun @ 509d7d6b91c6,C-BUN-112,relation,CO-BUN-12,adopted,
r2/bun @ 509d7d6b91c6,C-BUN-113,external-platform-primitive,CO-BUN-06;CO-BUN-07;CO-BUN-11,adopted,
r2/bun @ 509d7d6b91c6,C-BUN-114,external-platform-primitive,CO-BUN-06;CO-BUN-07;CO-BUN-11,adopted,
r2/bun @ 509d7d6b91c6,C-BUN-115,relation,CO-BUN-06;CO-BUN-07;CO-BUN-11,adopted,
r2/bun @ 509d7d6b91c6,C-BUN-116,runtime capability,CO-BUN-06;CO-BUN-07;CO-BUN-11,adopted,
r2/bun @ 509d7d6b91c6,C-BUN-117,relation,CO-BUN-06;CO-BUN-07;CO-BUN-11;CO-BUN-12,adopted,
r2/bun @ 509d7d6b91c6,C-BUN-118,portable-role,CO-BUN-02;CO-BUN-03,adopted,
r2/bun @ 509d7d6b91c6,C-BUN-119,portable-role,CO-BUN-04;CO-BUN-05,adopted,
r2/bun @ 509d7d6b91c6,C-BUN-120,portable-role,CO-BUN-06;CO-BUN-07;CO-BUN-09,adopted,
r2/bun @ 509d7d6b91c6,C-BUN-121,portable-role,CO-BUN-06;CO-BUN-07;CO-BUN-09,adopted,
r2/bun @ 509d7d6b91c6,C-BUN-122,portable-role,CO-BUN-06;CO-BUN-07;CO-BUN-09,adopted,
r2/bun @ 509d7d6b91c6,C-BUN-123,portable-role,CO-BUN-11;CO-BUN-12,adopted,
r2/bun @ 509d7d6b91c6,C-BUN-124,portable-role,CO-BUN-11;CO-BUN-12,adopted,
r2/bun @ 509d7d6b91c6,C-BUN-125,portable-role,CO-BUN-06;CO-BUN-07;CO-BUN-11;CO-BUN-12,adopted,
r2/bun @ 509d7d6b91c6,C-BUN-126,portable-role,CO-BUN-10,adopted,
r2/bun @ 509d7d6b91c6,C-BUN-127,relation,CO-BUN-09;CO-BUN-12,adopted,
r2/bun @ 509d7d6b91c6,C-BUN-128,relation,CO-BUN-01;CO-BUN-02;CO-BUN-03;CO-BUN-04;CO-BUN-05;CO-BUN-06;CO-BUN-07;CO-BUN-08;CO-BUN-10,adopted,
r2/bun @ 509d7d6b91c6,C-BUN-129,relation,CO-BUN-12,adopted,
r2/bun @ 509d7d6b91c6,C-BUN-130,relation,CO-BUN-09,adopted,
r2/bun @ 509d7d6b91c6,E-BUN-001,evidence-coordinate,EC-BUN-SRC;EC-BUN-DOC,evidence-grouped,
r2/bun @ 509d7d6b91c6,E-BUN-002,evidence-coordinate,EC-BUN-SRC;EC-BUN-DOC,evidence-grouped,
r2/bun @ 509d7d6b91c6,E-BUN-003,evidence-coordinate,EC-BUN-SRC;EC-BUN-DOC,evidence-grouped,
r2/bun @ 509d7d6b91c6,E-BUN-004,evidence-coordinate,EC-BUN-SRC;EC-BUN-DOC,evidence-grouped,
r2/bun @ 509d7d6b91c6,E-BUN-005,evidence-coordinate,EC-BUN-SRC;EC-BUN-DOC,evidence-grouped,
r2/bun @ 509d7d6b91c6,E-BUN-006,evidence-coordinate,EC-BUN-SRC;EC-BUN-DOC,evidence-grouped,
r2/bun @ 509d7d6b91c6,E-BUN-007,evidence-coordinate,EC-BUN-SRC;EC-BUN-DOC,evidence-grouped,
r2/bun @ 509d7d6b91c6,E-BUN-008,evidence-coordinate,EC-BUN-SRC;EC-BUN-DOC,evidence-grouped,
r2/bun @ 509d7d6b91c6,E-BUN-009,evidence-coordinate,EC-BUN-SRC;EC-BUN-DOC,evidence-grouped,
r2/bun @ 509d7d6b91c6,E-BUN-010,evidence-coordinate,EC-BUN-SRC;EC-BUN-DOC,evidence-grouped,
r2/bun @ 509d7d6b91c6,E-BUN-011,evidence-coordinate,EC-BUN-SRC;EC-BUN-DOC,evidence-grouped,
r2/bun @ 509d7d6b91c6,E-BUN-012,evidence-coordinate,EC-BUN-SRC;EC-BUN-DOC,evidence-grouped,
r2/bun @ 509d7d6b91c6,E-BUN-013,evidence-coordinate,EC-BUN-SRC;EC-BUN-DOC,evidence-grouped,
r2/bun @ 509d7d6b91c6,E-BUN-014,evidence-coordinate,EC-BUN-SRC;EC-BUN-DOC,evidence-grouped,
r2/bun @ 509d7d6b91c6,E-BUN-015,evidence-coordinate,EC-BUN-SRC;EC-BUN-DOC,evidence-grouped,
r2/bun @ 509d7d6b91c6,E-BUN-016,evidence-coordinate,EC-BUN-SRC;EC-BUN-DOC,evidence-grouped,
r2/bun @ 509d7d6b91c6,E-BUN-017,evidence-coordinate,EC-BUN-SRC;EC-BUN-DOC,evidence-grouped,
r2/bun @ 509d7d6b91c6,E-BUN-018,evidence-coordinate,EC-BUN-SRC;EC-BUN-DOC,evidence-grouped,
r2/bun @ 509d7d6b91c6,E-BUN-019,evidence-coordinate,EC-BUN-SRC;EC-BUN-DOC,evidence-grouped,
r2/bun @ 509d7d6b91c6,E-BUN-020,evidence-coordinate,EC-BUN-SRC;EC-BUN-DOC,evidence-grouped,
r2/bun @ 509d7d6b91c6,E-BUN-021,evidence-coordinate,EC-BUN-RECEIPT-HOSTAPI,evidence-grouped,
r2/bun @ 509d7d6b91c6,E-BUN-022,evidence-coordinate,EC-BUN-RECEIPT-HOSTAPI,evidence-grouped,
r2/bun @ 509d7d6b91c6,E-BUN-023,evidence-coordinate,EC-BUN-RECEIPT-PROVIDER,evidence-grouped,
r2/bun @ 509d7d6b91c6,E-BUN-024,evidence-coordinate,EC-BUN-RECEIPT-PROVIDER,evidence-grouped,
r2/bun @ 509d7d6b91c6,E-BUN-025,evidence-coordinate,EC-BUN-RECEIPT-PROVIDER,evidence-grouped,
r2/bun @ 509d7d6b91c6,E-BUN-026,evidence-coordinate,EC-BUN-RECEIPT-PROVIDER,evidence-grouped,
r2/bun @ 509d7d6b91c6,E-BUN-027,evidence-coordinate,EC-BUN-RECEIPT-PROVIDER,evidence-grouped,
r2/bun @ 509d7d6b91c6,E-BUN-028,evidence-coordinate,EC-BUN-VERSION-POINTS,evidence-grouped,
r2/bun @ 509d7d6b91c6,E-BUN-029,evidence-coordinate,EC-BUN-VERSION-POINTS,evidence-grouped,
r2/bun @ 509d7d6b91c6,E-EB-001,evidence-coordinate,EC-EB-IMPL,evidence-grouped,
r2/bun @ 509d7d6b91c6,C01,report-candidate,CO-BUN-01,adopted,candidate
r2/bun @ 509d7d6b91c6,C02,report-candidate,CO-BUN-02,adopted,candidate
r2/bun @ 509d7d6b91c6,C03,report-candidate,CO-BUN-03,adopted,defer (MSD-10)
r2/bun @ 509d7d6b91c6,C04,report-candidate,CO-BUN-04,adopted,candidate
r2/bun @ 509d7d6b91c6,C05,report-candidate,CO-BUN-05,adopted,candidate
r2/bun @ 509d7d6b91c6,C06,report-candidate,CO-BUN-06,adopted,candidate
r2/bun @ 509d7d6b91c6,C07,report-candidate,CO-BUN-07,adopted,candidate
r2/bun @ 509d7d6b91c6,C08,report-candidate,CO-BUN-06,adopted,request mode
r2/bun @ 509d7d6b91c6,C09,report-candidate,CO-BUN-06;CO-BUN-07,adopted,modifier
r2/bun @ 509d7d6b91c6,C10,report-candidate,CO-BUN-06;CO-BUN-07;CO-BUN-11,adopted,request mode
r2/bun @ 509d7d6b91c6,C11,report-candidate,CO-BUN-01,adopted,defer (macro presets)
r2/bun @ 509d7d6b91c6,C12,report-candidate,CO-BUN-06;CO-BUN-07,adopted,result-field passthrough
r2/bun @ 509d7d6b91c6,C13,report-candidate,CO-BUN-06;CO-BUN-07;CO-BUN-09,adopted,request mode (MSD-12)
r2/bun @ 509d7d6b91c6,C14,report-candidate,CO-BUN-06;CO-BUN-07;CO-BUN-11;CO-BUN-12,adopted,request mode (MSD-12)
r2/bun @ 509d7d6b91c6,C15,report-candidate,CO-BUN-06;CO-BUN-07,adopted,request mode (MSD-12)
r2/bun @ 509d7d6b91c6,C16,report-candidate,CO-BUN-11,adopted,candidate
r2/bun @ 509d7d6b91c6,C17,report-candidate,CO-BUN-12,adopted,candidate
r2/bun @ 509d7d6b91c6,C18,report-candidate,CO-BUN-08,adopted,candidate
r2/bun @ 509d7d6b91c6,C19,report-candidate,CO-BUN-10,adopted,candidate
r2/bun @ 509d7d6b91c6,C20,report-candidate,SC-X-05,adopted,reject upheld
r2/bun @ 509d7d6b91c6,C21,report-candidate,CO-BUN-13,adopted,reject upheld
r2/bun @ 509d7d6b91c6,C22,report-candidate,CO-BUN-14,adopted,reject upheld
r2/bun @ 509d7d6b91c6,C23,report-candidate,SC-B-24,adopted,defer (native onBeforeParse)
r2/bun @ 509d7d6b91c6,C24,report-candidate,SC-B-37,adopted,reject upheld
r2/bun @ 509d7d6b91c6,C25,report-candidate,SC-E-34,adopted,reject upheld (no canonical single-JS result)
r2/bun @ 509d7d6b91c6,C26,report-candidate,SC-X-10,adopted,defer (generic atomic tree)
r2/bun @ 509d7d6b91c6,C27,report-candidate,SC-X-03,adopted,defer role
r2/bun @ 509d7d6b91c6,C28,report-candidate,SC-B-39,adopted,defer role
r2/bun @ 509d7d6b91c6,C29,report-candidate,SC-X-02,adopted,defer role
r2/bun @ 509d7d6b91c6,C30,report-candidate,SC-B-39,adopted,defer role
r2/bun @ 509d7d6b91c6,C31,report-candidate,SC-X-04,adopted,reject upheld
r2/bun @ 509d7d6b91c6,C32,report-candidate,SC-B-39,adopted,defer role
r2/bun @ 509d7d6b91c6,C33,report-candidate,SC-B-39,adopted,defer role
r2/bun @ 509d7d6b91c6,C34,report-candidate,SC-B-38,adopted,reject upheld (no inferred range)
r2/bun @ 509d7d6b91c6,C35,report-candidate,SC-B-29,adopted,defer (source-only targets)
r2/bun @ 509d7d6b91c6,C36,report-candidate,SC-B-20,adopted,modifier
r2/bun @ 509d7d6b91c6,C37,report-candidate,SC-B-32,adopted,reject upheld (signing not a compile result)
r2/bun @ 509d7d6b91c6,C38,report-candidate,SC-S-27,adopted,defer to R9/M4
r2/bun @ 509d7d6b91c6,C39,report-candidate,SC-D-27,adopted,reject upheld (hidden acquisition)
r2/bun @ 509d7d6b91c6,C40,report-candidate,SC-B-25,adopted,defer (explicit acquisition policy)
r2/deno @ 34db6a6ee336,DENO-OP-001,operation,CO-DEN-01,adopted,
r2/deno @ 34db6a6ee336,DENO-OP-002,operation,CO-DEN-02,adopted,
r2/deno @ 34db6a6ee336,DENO-OP-003,operation,CO-DEN-03,adopted,
r2/deno @ 34db6a6ee336,DENO-OP-004,operation,CO-DEN-04,adopted,
r2/deno @ 34db6a6ee336,DENO-OP-005,operation,CO-DEN-05,adopted,
r2/deno @ 34db6a6ee336,DENO-OP-006,operation,CO-DEN-06,adopted,
r2/deno @ 34db6a6ee336,DENO-OP-007,operation,CO-DEN-07,adopted,
r2/deno @ 34db6a6ee336,DENO-OP-008,operation,CO-DEN-08,adopted,
r2/deno @ 34db6a6ee336,DENO-OP-009,operation,CO-DEN-09,adopted,
r2/deno @ 34db6a6ee336,DENO-OP-010,operation,CO-DEN-10,adopted-with-correction,provider publication corrected atomic-published -> provider-direct; wrapper contract carried separately (MSD-02)
r2/deno @ 34db6a6ee336,DENO-OP-011,operation,CO-DEN-11,adopted-with-correction,provider publication corrected atomic-published -> provider-direct (MSD-02)
r2/deno @ 34db6a6ee336,DENO-CL-001,request mode,CO-DEN-01;CO-DEN-02,adopted,
r2/deno @ 34db6a6ee336,DENO-CL-002,request mode,CO-DEN-01;CO-DEN-02,adopted,
r2/deno @ 34db6a6ee336,DENO-CL-003,modifier,SC-D-13,adopted,
r2/deno @ 34db6a6ee336,DENO-CL-004,modifier,SC-D-13,adopted,
r2/deno @ 34db6a6ee336,DENO-CL-005,modifier,SC-D-13,adopted,
r2/deno @ 34db6a6ee336,DENO-CL-006,modifier,SC-D-13,adopted,
r2/deno @ 34db6a6ee336,DENO-CL-007,modifier,SC-D-13,adopted,
r2/deno @ 34db6a6ee336,DENO-CL-008,result field,SC-D-14,adopted,
r2/deno @ 34db6a6ee336,DENO-CL-009,result field,SC-D-14,adopted,
r2/deno @ 34db6a6ee336,DENO-CL-010,runtime capability,CO-DEN-01;CO-DEN-02,adopted,
r2/deno @ 34db6a6ee336,DENO-CL-011,runtime capability,SC-D-18,adopted,
r2/deno @ 34db6a6ee336,DENO-CL-012,relation,SC-D-18,adopted,
r2/deno @ 34db6a6ee336,DENO-CL-013,sub-operation,SC-D-16,adopted,
r2/deno @ 34db6a6ee336,DENO-CL-014,relation,SC-D-16,adopted,
r2/deno @ 34db6a6ee336,DENO-CL-015,request mode,CO-DEN-03;CO-DEN-04,adopted,
r2/deno @ 34db6a6ee336,DENO-CL-016,modifier,SC-D-13,adopted,
r2/deno @ 34db6a6ee336,DENO-CL-017,sub-operation,SC-D-15,adopted,
r2/deno @ 34db6a6ee336,DENO-CL-018,sub-operation,CO-DEN-06,adopted,
r2/deno @ 34db6a6ee336,DENO-CL-019,relation,SC-D-23,adopted,
r2/deno @ 34db6a6ee336,DENO-CL-020,request mode,SC-D-21,adopted,
r2/deno @ 34db6a6ee336,DENO-CL-021,result field,CO-DEN-03;CO-DEN-04,adopted,
r2/deno @ 34db6a6ee336,DENO-CL-022,runtime capability,CO-DEN-05,adopted,
r2/deno @ 34db6a6ee336,DENO-CL-023,request mode,CO-DEN-07,adopted,
r2/deno @ 34db6a6ee336,DENO-CL-024,request mode,SC-D-22,adopted,
r2/deno @ 34db6a6ee336,DENO-CL-025,modifier,SC-D-22,adopted,
r2/deno @ 34db6a6ee336,DENO-CL-026,relation,SC-D-22,adopted,
r2/deno @ 34db6a6ee336,DENO-CL-027,sub-operation,CO-DEN-09,adopted,
r2/deno @ 34db6a6ee336,DENO-CL-028,relation,SC-D-23,adopted,
r2/deno @ 34db6a6ee336,DENO-CL-029,relation,SC-D-23,adopted,
r2/deno @ 34db6a6ee336,DENO-CL-030,request mode,CO-DEN-10,adopted,
r2/deno @ 34db6a6ee336,DENO-CL-031,modifier,SC-D-19,adopted,
r2/deno @ 34db6a6ee336,DENO-CL-032,relation,SC-D-19,adopted,
r2/deno @ 34db6a6ee336,DENO-CL-033,relation,SC-D-19,adopted,
r2/deno @ 34db6a6ee336,DENO-CL-034,relation,SC-D-19,adopted,
r2/deno @ 34db6a6ee336,DENO-CL-035,relation,SC-D-19,adopted,
r2/deno @ 34db6a6ee336,DENO-CL-036,relation,SC-D-19,adopted,
r2/deno @ 34db6a6ee336,DENO-CL-037,relation,SC-D-19,adopted,
r2/deno @ 34db6a6ee336,DENO-CL-038,sub-operation,SC-D-17,adopted,
r2/deno @ 34db6a6ee336,DENO-CL-039,relation,SC-D-20,adopted,
r2/deno @ 34db6a6ee336,DENO-CL-040,sub-operation,SC-D-17,adopted,
r2/deno @ 34db6a6ee336,DENO-CL-041,sub-operation,SC-D-17,adopted,
r2/deno @ 34db6a6ee336,DENO-CL-042,relation,SC-D-19,adopted,
r2/deno @ 34db6a6ee336,DENO-CL-043,sub-operation,CO-DEN-10,adopted,
r2/deno @ 34db6a6ee336,DENO-CL-044,relation,CO-DEN-10,adopted,
r2/deno @ 34db6a6ee336,DENO-CL-045,modifier,CO-DEN-10,adopted,
r2/deno @ 34db6a6ee336,DENO-CL-046,runtime capability,RC-DEN-01,adopted,
r2/deno @ 34db6a6ee336,DENO-CL-047,post-production mutation,SC-D-25,adopted,
r2/deno @ 34db6a6ee336,DENO-CL-048,architecture-law,SC-D-26,adopted,
r2/deno @ 34db6a6ee336,DENO-CL-049,architecture-law,SC-D-27,adopted,
r2/deno @ 34db6a6ee336,DENO-CL-050,portable-role,SC-D-28,adopted,
r2/deno @ 34db6a6ee336,DENO-CL-051,runtime capability,RC-DEN-01,adopted,
r2/deno @ 34db6a6ee336,DENO-CL-052,runtime capability,SC-D-29,adopted,
r2/deno @ 34db6a6ee336,DENO-EV-001,evidence-coordinate,EC-DEN-SRC,evidence-grouped,
r2/deno @ 34db6a6ee336,DENO-EV-002,evidence-coordinate,EC-DEN-SRC,evidence-grouped,
r2/deno @ 34db6a6ee336,DENO-EV-003,evidence-coordinate,EC-DEN-SRC,evidence-grouped,
r2/deno @ 34db6a6ee336,DENO-EV-004,evidence-coordinate,EC-DEN-SRC,evidence-grouped,
r2/deno @ 34db6a6ee336,DENO-EV-005,evidence-coordinate,EC-DEN-TARGETS,evidence-grouped,
r2/deno @ 34db6a6ee336,DENO-EV-006,evidence-coordinate,EC-DEN-TARGETS,evidence-grouped,
r2/deno @ 34db6a6ee336,DENO-EV-007,evidence-coordinate,EC-DEN-TARGETS,evidence-grouped,
r2/deno @ 34db6a6ee336,DENO-EV-008,evidence-coordinate,EC-DEN-TARGETS,evidence-grouped,
r2/deno @ 34db6a6ee336,DENO-EV-009,evidence-coordinate,EC-DEN-TARGETS,evidence-grouped,
r2/deno @ 34db6a6ee336,DENO-EV-010,evidence-coordinate,EC-DEN-TARGETS,evidence-grouped,
r2/deno @ 34db6a6ee336,DENO-EV-011,evidence-coordinate,EC-DEN-RECEIPT,evidence-grouped,
r2/deno @ 34db6a6ee336,DENO-EV-012,evidence-coordinate,EC-DEN-RECEIPT,evidence-grouped,
r2/deno @ 34db6a6ee336,DENO-EV-013,evidence-coordinate,EC-DEN-HELPER,evidence-grouped,
r2/esbuild @ c75e91b945b2,ESB-OP-01,operation,CO-ESB-01,adopted,
r2/esbuild @ c75e91b945b2,ESB-OP-02,operation,CO-ESB-02,adopted,
r2/esbuild @ c75e91b945b2,ESB-OP-03,operation,CO-ESB-03,adopted,
r2/esbuild @ c75e91b945b2,ESB-OP-04,operation,CO-ESB-04,adopted,
r2/esbuild @ c75e91b945b2,ESB-OP-05,operation,CO-ESB-05,adopted,
r2/esbuild @ c75e91b945b2,ESB-OP-06,operation,CO-ESB-06,adopted,
r2/esbuild @ c75e91b945b2,ESB-OP-07,operation,CO-ESB-07,adopted,
r2/esbuild @ c75e91b945b2,ESB-OP-08,operation,CO-ESB-08,adopted,
r2/esbuild @ c75e91b945b2,ESB-OP-09,operation,CO-ESB-09,adopted,
r2/esbuild @ c75e91b945b2,ESB-OP-10,operation,CO-ESB-10,adopted,
r2/esbuild @ c75e91b945b2,ESB-OP-11,operation,CO-ESB-11,adopted,
r2/esbuild @ c75e91b945b2,ESB-OP-12,operation,CO-ESB-12,adopted,
r2/esbuild @ c75e91b945b2,ESB-OP-13,operation,CO-ESB-13,adopted,
r2/esbuild @ c75e91b945b2,ESB-OP-14,operation,CO-ESB-14,adopted,
r2/esbuild @ c75e91b945b2,ESB-OP-15,operation,CO-ESB-15,adopted,
r2/esbuild @ c75e91b945b2,ESB-OP-16,operation,CO-ESB-16,adopted,
r2/esbuild @ c75e91b945b2,ESB-OP-17,operation,CO-ESB-17,adopted,
r2/esbuild @ c75e91b945b2,ESB-OP-18,operation,CO-ESB-18,adopted,
r2/esbuild @ c75e91b945b2,ESB-OP-19,operation,CO-ESB-19,adopted,
r2/esbuild @ c75e91b945b2,CLM-001,operation,CO-ESB-01,adopted,
r2/esbuild @ c75e91b945b2,CLM-002,operation,CO-ESB-02,adopted,
r2/esbuild @ c75e91b945b2,CLM-003,operation,CO-ESB-03,adopted,
r2/esbuild @ c75e91b945b2,CLM-004,operation,CO-ESB-04,adopted,
r2/esbuild @ c75e91b945b2,CLM-005,operation,CO-ESB-05,adopted,
r2/esbuild @ c75e91b945b2,CLM-006,operation,CO-ESB-06,adopted,
r2/esbuild @ c75e91b945b2,CLM-007,operation,CO-ESB-07,adopted,
r2/esbuild @ c75e91b945b2,CLM-008,operation,CO-ESB-08,adopted,
r2/esbuild @ c75e91b945b2,CLM-009,operation,CO-ESB-09,adopted,
r2/esbuild @ c75e91b945b2,CLM-010,operation,CO-ESB-10,adopted,
r2/esbuild @ c75e91b945b2,CLM-011,operation,CO-ESB-11,adopted,
r2/esbuild @ c75e91b945b2,CLM-012,operation,CO-ESB-12,adopted,
r2/esbuild @ c75e91b945b2,CLM-013,operation,CO-ESB-13,adopted,
r2/esbuild @ c75e91b945b2,CLM-014,operation,CO-ESB-14,adopted,
r2/esbuild @ c75e91b945b2,CLM-015,operation,CO-ESB-15,adopted,
r2/esbuild @ c75e91b945b2,CLM-016,operation,CO-ESB-16,adopted,
r2/esbuild @ c75e91b945b2,CLM-017,operation,CO-ESB-17,adopted,
r2/esbuild @ c75e91b945b2,CLM-018,operation,CO-ESB-18,adopted,
r2/esbuild @ c75e91b945b2,CLM-019,operation,CO-ESB-19,adopted,
r2/esbuild @ c75e91b945b2,CLM-020,sub-operation,SC-E-20,adopted,
r2/esbuild @ c75e91b945b2,CLM-021,sub-operation,SC-E-21,adopted,
r2/esbuild @ c75e91b945b2,CLM-022,sub-operation,SC-E-22,adopted,
r2/esbuild @ c75e91b945b2,CLM-023,sub-operation,SC-E-23,adopted,
r2/esbuild @ c75e91b945b2,CLM-024,sub-operation,SC-E-24,adopted,
r2/esbuild @ c75e91b945b2,CLM-025,sub-operation,SC-E-26,adopted,
r2/esbuild @ c75e91b945b2,CLM-026,sub-operation,SC-E-26,adopted,
r2/esbuild @ c75e91b945b2,CLM-027,sub-operation,SC-E-21;SC-E-26,adopted,
r2/esbuild @ c75e91b945b2,CLM-028,sub-operation,SC-E-26,adopted,
r2/esbuild @ c75e91b945b2,CLM-029,sub-operation,SC-E-26,adopted,
r2/esbuild @ c75e91b945b2,CLM-030,sub-operation,SC-E-24;SC-E-26,adopted,
r2/esbuild @ c75e91b945b2,CLM-031,sub-operation,SC-E-26,adopted,
r2/esbuild @ c75e91b945b2,CLM-032,request-mode,SC-E-28,adopted,
r2/esbuild @ c75e91b945b2,CLM-033,request-mode,SC-E-28,adopted,
r2/esbuild @ c75e91b945b2,CLM-034,request-mode,SC-E-27,adopted,
r2/esbuild @ c75e91b945b2,CLM-035,request-mode,SC-E-27,adopted,
r2/esbuild @ c75e91b945b2,CLM-036,request-mode,CO-ESB-01;CO-ESB-02;CO-ESB-16,adopted,
r2/esbuild @ c75e91b945b2,CLM-037,request-mode,SC-E-29,adopted,
r2/esbuild @ c75e91b945b2,CLM-038,request-mode,CO-ESB-01;CO-ESB-03,adopted,
r2/esbuild @ c75e91b945b2,CLM-039,request-mode,SC-E-29,adopted,
r2/esbuild @ c75e91b945b2,CLM-040,request-mode,SC-E-29,adopted,
r2/esbuild @ c75e91b945b2,CLM-041,request-mode,SC-E-26,adopted,
r2/esbuild @ c75e91b945b2,CLM-042,request-mode,SC-E-26,adopted,
r2/esbuild @ c75e91b945b2,CLM-043,request-mode,SC-E-43,adopted,
r2/esbuild @ c75e91b945b2,CLM-044,request-mode,SC-E-31,adopted,
r2/esbuild @ c75e91b945b2,CLM-045,request-mode,SC-E-31,adopted,
r2/esbuild @ c75e91b945b2,CLM-046,request-mode,CO-ESB-17;CO-ESB-18,adopted,
r2/esbuild @ c75e91b945b2,CLM-047,request-mode,SC-E-22,adopted,
r2/esbuild @ c75e91b945b2,CLM-048,request-mode,SC-E-21,adopted,
r2/esbuild @ c75e91b945b2,CLM-049,request-mode,CO-ESB-01;CO-ESB-02,adopted,
r2/esbuild @ c75e91b945b2,CLM-050,modifier,SC-E-30,adopted,
r2/esbuild @ c75e91b945b2,CLM-051,modifier,SC-E-30,adopted,
r2/esbuild @ c75e91b945b2,CLM-052,modifier,CO-ESB-01,adopted,
r2/esbuild @ c75e91b945b2,CLM-053,modifier,CO-ESB-01,adopted,
r2/esbuild @ c75e91b945b2,CLM-054,modifier,CO-ESB-01,adopted,
r2/esbuild @ c75e91b945b2,CLM-055,modifier,CO-ESB-01;CO-ESB-03,adopted,
r2/esbuild @ c75e91b945b2,CLM-056,modifier,CO-ESB-01;CO-ESB-03,adopted,
r2/esbuild @ c75e91b945b2,CLM-057,modifier,CO-ESB-01;CO-ESB-03,adopted,
r2/esbuild @ c75e91b945b2,CLM-058,modifier,CO-ESB-01,adopted,
r2/esbuild @ c75e91b945b2,CLM-059,modifier,SC-E-41,adopted,
r2/esbuild @ c75e91b945b2,CLM-060,modifier,CO-ESB-15;SC-E-31,adopted,
r2/esbuild @ c75e91b945b2,CLM-061,modifier,CO-ESB-17,adopted,
r2/esbuild @ c75e91b945b2,CLM-062,modifier,CO-ESB-17,adopted,
r2/esbuild @ c75e91b945b2,CLM-063,modifier,CO-ESB-18,adopted,
r2/esbuild @ c75e91b945b2,CLM-064,result-field,SC-E-32,adopted,
r2/esbuild @ c75e91b945b2,CLM-065,result-field,SC-E-32,adopted,
r2/esbuild @ c75e91b945b2,CLM-066,result-field,SC-E-33,adopted,
r2/esbuild @ c75e91b945b2,CLM-067,result-field,SC-E-33,adopted,
r2/esbuild @ c75e91b945b2,CLM-068,result-field,SC-E-34,adopted,
r2/esbuild @ c75e91b945b2,CLM-069,result-field,CO-ESB-03,adopted,
r2/esbuild @ c75e91b945b2,CLM-070,result-field,SC-E-22,adopted,
r2/esbuild @ c75e91b945b2,CLM-071,result-field,SC-E-26,adopted,
r2/esbuild @ c75e91b945b2,CLM-072,result-field,SC-E-26,adopted,
r2/esbuild @ c75e91b945b2,CLM-073,result-field,CO-ESB-04,adopted,
r2/esbuild @ c75e91b945b2,CLM-074,result-field,CO-ESB-15;CO-ESB-16,adopted,
r2/esbuild @ c75e91b945b2,CLM-075,relation,SC-E-35,adopted,
r2/esbuild @ c75e91b945b2,CLM-076,relation,SC-E-35,adopted,
r2/esbuild @ c75e91b945b2,CLM-077,relation,SC-E-35,adopted,
r2/esbuild @ c75e91b945b2,CLM-078,relation,SC-E-36,adopted,
r2/esbuild @ c75e91b945b2,CLM-079,relation,SC-E-37,adopted,
r2/esbuild @ c75e91b945b2,CLM-080,relation,SC-E-38,adopted,
r2/esbuild @ c75e91b945b2,CLM-081,relation,SC-E-44,adopted,
r2/esbuild @ c75e91b945b2,CLM-082,relation,SC-E-42,adopted,
r2/esbuild @ c75e91b945b2,CLM-083,relation,SC-E-39,adopted,
r2/esbuild @ c75e91b945b2,CLM-084,relation,SC-E-40,adopted,
r2/esbuild @ c75e91b945b2,CLM-085,relation,SC-E-41,adopted,
r2/esbuild @ c75e91b945b2,CLM-086,relation,SC-E-35,adopted,
r2/esbuild @ c75e91b945b2,CLM-087,runtime-capability,RC-ESB-01,adopted,
r2/esbuild @ c75e91b945b2,CLM-088,runtime-capability,SC-E-47,adopted,
r2/esbuild @ c75e91b945b2,CLM-089,runtime-capability,EC-ESB-CLI-EXEC,adopted,
r2/esbuild @ c75e91b945b2,CLM-090,post-production-mutation,SC-E-41,adopted,
r2/esbuild @ c75e91b945b2,CLM-091,post-production-mutation,SC-E-31,adopted,
r2/esbuild @ c75e91b945b2,CLM-092,external-platform-primitive,SC-E-38,adopted,
r2/esbuild @ c75e91b945b2,CLM-093,external-platform-primitive,SC-E-44,adopted,
r2/esbuild @ c75e91b945b2,CLM-094,external-platform-primitive,SC-E-44,adopted,
r2/esbuild @ c75e91b945b2,CLM-095,external-platform-primitive,SC-E-43,adopted,
r2/esbuild @ c75e91b945b2,CLM-096,external-platform-primitive,SC-E-43,adopted,
r2/esbuild @ c75e91b945b2,CLM-097,external-platform-primitive,SC-E-45,adopted,
r2/esbuild @ c75e91b945b2,CLM-098,external-platform-primitive,SC-E-44,adopted,
r2/esbuild @ c75e91b945b2,CLM-099,external-platform-primitive,SC-E-35,adopted,
r2/esbuild @ c75e91b945b2,CLM-100,external-platform-primitive,SC-E-35,adopted,
r2/esbuild @ c75e91b945b2,CLM-101,external-platform-primitive,SC-E-44,adopted,
r2/esbuild @ c75e91b945b2,CLM-102,portable-role,SC-E-53,adopted,
r2/esbuild @ c75e91b945b2,CLM-103,portable-role,SC-E-53,adopted,
r2/esbuild @ c75e91b945b2,CLM-104,portable-role,SC-E-53,adopted,
r2/esbuild @ c75e91b945b2,CLM-105,architecture-law,SC-E-48,adopted,
r2/esbuild @ c75e91b945b2,CLM-106,architecture-law,SC-E-48,adopted,
r2/esbuild @ c75e91b945b2,CLM-107,architecture-law,SC-E-49,adopted,
r2/esbuild @ c75e91b945b2,CLM-108,architecture-law,CO-ESB-11,adopted,
r2/esbuild @ c75e91b945b2,CLM-109,architecture-law,SC-E-24,adopted,
r2/esbuild @ c75e91b945b2,CLM-110,architecture-law,SC-E-20,adopted,
r2/esbuild @ c75e91b945b2,CLM-111,architecture-law,SC-E-23,adopted,
r2/esbuild @ c75e91b945b2,CLM-112,architecture-law,SC-E-25,adopted,
r2/esbuild @ c75e91b945b2,CLM-113,architecture-law,SC-E-50,adopted,
r2/esbuild @ c75e91b945b2,CLM-114,architecture-law,SC-E-51,adopted,
r2/esbuild @ c75e91b945b2,CLM-115,architecture-law,SC-E-52,adopted,
r2/esbuild @ c75e91b945b2,CLM-116,architecture-law,CO-ESB-06,adopted,
r2/esbuild @ c75e91b945b2,CLM-117,architecture-law,SC-E-37,adopted,
r2/esbuild @ c75e91b945b2,CLM-118,architecture-law,CO-ESB-18,adopted,
r2/esbuild @ c75e91b945b2,CLM-119,architecture-law,SC-E-31,adopted,
r2/esbuild @ c75e91b945b2,EV-ESB-001,evidence-coordinate,EC-ESB-PKG,evidence-grouped,
r2/esbuild @ c75e91b945b2,EV-ESB-002,evidence-coordinate,EC-ESB-SRC,evidence-grouped,
r2/esbuild @ c75e91b945b2,EV-ESB-003,evidence-coordinate,EC-ESB-SRC,evidence-grouped,
r2/esbuild @ c75e91b945b2,EV-ESB-004,evidence-coordinate,EC-ESB-PKG,evidence-grouped,
r2/esbuild @ c75e91b945b2,EV-ESB-005,evidence-coordinate,EC-ESB-PKG,evidence-grouped,
r2/esbuild @ c75e91b945b2,EV-ESB-006,evidence-coordinate,EC-ESB-PKG,evidence-grouped,
r2/esbuild @ c75e91b945b2,EV-ESB-007,evidence-coordinate,EC-ESB-PKG,evidence-grouped,
r2/esbuild @ c75e91b945b2,EV-ESB-008,evidence-coordinate,EC-ESB-PKG,evidence-grouped,
r2/esbuild @ c75e91b945b2,EV-ESB-009,evidence-coordinate,EC-ESB-SRC,evidence-grouped,
r2/esbuild @ c75e91b945b2,EV-ESB-010,evidence-coordinate,EC-ESB-SRC,evidence-grouped,
r2/esbuild @ c75e91b945b2,EV-ESB-011,evidence-coordinate,EC-ESB-SRC,evidence-grouped,
r2/esbuild @ c75e91b945b2,EV-ESB-012,evidence-coordinate,EC-ESB-SRC,evidence-grouped,
r2/esbuild @ c75e91b945b2,EV-ESB-013,evidence-coordinate,EC-ESB-SRC,evidence-grouped,
r2/esbuild @ c75e91b945b2,EV-ESB-014,evidence-coordinate,EC-ESB-CHANGELOG,evidence-grouped,
r2/esbuild @ c75e91b945b2,EV-ESB-015,evidence-coordinate,EC-ESB-CLI-EXEC,evidence-grouped,
r2/esbuild @ c75e91b945b2,EV-ESB-016,evidence-coordinate,EC-ESB-CLI-EXEC,evidence-grouped,
r2/esbuild @ c75e91b945b2,EV-ESB-017,evidence-coordinate,EC-ESB-CLI-EXEC,evidence-grouped,
r2/esbuild @ c75e91b945b2,EV-ESB-018,evidence-coordinate,EC-ESB-CLI-EXEC,evidence-grouped,
r2/esbuild @ c75e91b945b2,EV-ESB-019,evidence-coordinate,EC-CM-19,evidence-grouped,
r2/esbuild @ c75e91b945b2,EV-ESB-020,evidence-coordinate,SC-E-40,evidence-grouped,
r2/esbuild @ c75e91b945b2,EV-ESB-021,evidence-coordinate,EC-ESB-RECEIPT,evidence-grouped,
r2/esbuild @ c75e91b945b2,EV-ESB-022,evidence-coordinate,EC-ESB-RECEIPT,evidence-grouped,
r2/esbuild @ c75e91b945b2,EV-ESB-023,evidence-coordinate,EC-ESB-RECEIPT,evidence-grouped,
r2/esbuild @ c75e91b945b2,EV-ESB-024,evidence-coordinate,EC-ESB-CLI-EXEC,evidence-grouped,
r2/esbuild @ c75e91b945b2,EV-ESB-025,evidence-coordinate,PROVENANCE (environment limitation note),evidence-grouped,
r2/node-sea @ 0274c35c9a5a,NODE-SEA-DIRECT,operation,CO-SEA-01,adopted-with-correction,identity_owner recorded as product-wrapper; provider_publication provider-direct underneath (MSD-03)
r2/node-sea @ 0274c35c9a5a,NODE-SEA-LEGACY-BLOB,operation,CO-SEA-02,adopted-with-correction,identity_owner recorded as product-wrapper; provider_publication provider-direct underneath (MSD-03)
r2/node-sea @ 0274c35c9a5a,NODE-SEA-LEGACY-INJECT,operation,CO-SEA-03,adopted-with-correction,identity_owner recorded as product-wrapper; provider_publication provider-direct underneath (MSD-03)
r2/node-sea @ 0274c35c9a5a,AC-OP-001,operation,CO-SEA-01,adopted,
r2/node-sea @ 0274c35c9a5a,AC-OP-002,operation,CO-SEA-02,adopted,
r2/node-sea @ 0274c35c9a5a,AC-OP-003,operation,CO-SEA-03,adopted,
r2/node-sea @ 0274c35c9a5a,AC-RM-001,request mode,SC-S-04,adopted,
r2/node-sea @ 0274c35c9a5a,AC-RM-002,request mode,SC-S-05,adopted,
r2/node-sea @ 0274c35c9a5a,AC-RM-003,request mode,SC-S-05,adopted,
r2/node-sea @ 0274c35c9a5a,AC-RM-004,request mode,CO-SEA-01;SC-S-16,adopted,
r2/node-sea @ 0274c35c9a5a,AC-RM-005,request mode,CO-SEA-01;SC-S-16,adopted,
r2/node-sea @ 0274c35c9a5a,AC-RM-006,request mode,SC-S-16,adopted,
r2/node-sea @ 0274c35c9a5a,AC-RM-007,request mode,SC-S-06,adopted,
r2/node-sea @ 0274c35c9a5a,AC-RM-008,request mode,SC-S-07,adopted,
r2/node-sea @ 0274c35c9a5a,AC-RM-009,request mode,SC-S-08,adopted,
r2/node-sea @ 0274c35c9a5a,AC-RM-010,request mode,SC-S-09,adopted,
r2/node-sea @ 0274c35c9a5a,AC-RM-011,request mode,SC-S-09,adopted,
r2/node-sea @ 0274c35c9a5a,AC-RM-012,request mode,SC-S-09,adopted,
r2/node-sea @ 0274c35c9a5a,AC-RM-013,request mode,SC-S-09,adopted,
r2/node-sea @ 0274c35c9a5a,AC-RM-014,request mode,SC-S-11,adopted,
r2/node-sea @ 0274c35c9a5a,AC-RM-015,request mode,CO-SEA-02;CO-SEA-03,adopted,
r2/node-sea @ 0274c35c9a5a,AC-MOD-001,modifier,SC-S-10,adopted,
r2/node-sea @ 0274c35c9a5a,AC-MOD-002,modifier,SC-S-32,adopted,
r2/node-sea @ 0274c35c9a5a,AC-MOD-003,modifier,SC-S-30,adopted,
r2/node-sea @ 0274c35c9a5a,AC-RES-001,result field,SC-S-12,adopted,
r2/node-sea @ 0274c35c9a5a,AC-RES-002,result field,SC-S-12,adopted,
r2/node-sea @ 0274c35c9a5a,AC-RES-003,result field,SC-S-12,adopted,
r2/node-sea @ 0274c35c9a5a,AC-RES-004,result field,SC-S-12,adopted,
r2/node-sea @ 0274c35c9a5a,AC-RES-005,result field,SC-S-12,adopted,
r2/node-sea @ 0274c35c9a5a,AC-RES-006,result field,SC-S-12,adopted,
r2/node-sea @ 0274c35c9a5a,AC-RES-007,result field,SC-S-12,adopted,
r2/node-sea @ 0274c35c9a5a,AC-SUB-001,sub-operation,SC-S-13,adopted,
r2/node-sea @ 0274c35c9a5a,AC-SUB-002,sub-operation,SC-S-13,adopted,
r2/node-sea @ 0274c35c9a5a,AC-SUB-003,sub-operation,SC-S-14,adopted,
r2/node-sea @ 0274c35c9a5a,AC-SUB-004,sub-operation,SC-S-14,adopted,
r2/node-sea @ 0274c35c9a5a,AC-SUB-005,sub-operation,SC-S-15,adopted,
r2/node-sea @ 0274c35c9a5a,AC-SUB-006,sub-operation,SC-S-14,adopted,
r2/node-sea @ 0274c35c9a5a,AC-SUB-007,sub-operation,SC-S-28,adopted,
r2/node-sea @ 0274c35c9a5a,AC-SUB-008,sub-operation,SC-S-30,adopted,
r2/node-sea @ 0274c35c9a5a,AC-SUB-009,sub-operation,SC-S-30,adopted,
r2/node-sea @ 0274c35c9a5a,AC-SUB-010,sub-operation,SC-S-30,adopted,
r2/node-sea @ 0274c35c9a5a,AC-SUB-011,sub-operation,SC-S-30,adopted,
r2/node-sea @ 0274c35c9a5a,AC-REL-001,relation,SC-S-16,adopted,
r2/node-sea @ 0274c35c9a5a,AC-REL-002,relation,SC-S-16,adopted,
r2/node-sea @ 0274c35c9a5a,AC-REL-003,relation,SC-S-16,adopted,
r2/node-sea @ 0274c35c9a5a,AC-REL-004,relation,SC-S-17,adopted,
r2/node-sea @ 0274c35c9a5a,AC-REL-005,relation,SC-S-17,adopted,
r2/node-sea @ 0274c35c9a5a,AC-REL-006,relation,SC-S-17,adopted,
r2/node-sea @ 0274c35c9a5a,AC-REL-007,relation,SC-S-22,adopted,
r2/node-sea @ 0274c35c9a5a,AC-REL-008,relation,SC-S-13,adopted,
r2/node-sea @ 0274c35c9a5a,AC-REL-009,relation,SC-S-19,adopted,
r2/node-sea @ 0274c35c9a5a,AC-REL-010,relation,SC-S-20,adopted,
r2/node-sea @ 0274c35c9a5a,AC-REL-011,relation,SC-S-19,adopted,
r2/node-sea @ 0274c35c9a5a,AC-REL-012,relation,SC-S-19,adopted,
r2/node-sea @ 0274c35c9a5a,AC-REL-013,relation,SC-S-18,adopted,
r2/node-sea @ 0274c35c9a5a,AC-REL-014,relation,SC-S-18,adopted,
r2/node-sea @ 0274c35c9a5a,AC-REL-015,relation,SC-S-18,adopted,
r2/node-sea @ 0274c35c9a5a,AC-REL-016,relation,SC-S-18,adopted,
r2/node-sea @ 0274c35c9a5a,AC-REL-017,relation,SC-S-06,adopted,
r2/node-sea @ 0274c35c9a5a,AC-REL-018,relation,SC-S-20,adopted,
r2/node-sea @ 0274c35c9a5a,AC-REL-019,relation,SC-S-20,adopted,
r2/node-sea @ 0274c35c9a5a,AC-REL-020,relation,SC-S-21,adopted,
r2/node-sea @ 0274c35c9a5a,AC-RC-001,runtime capability,RC-SEA-01,adopted,
r2/node-sea @ 0274c35c9a5a,AC-RC-002,runtime capability,RC-SEA-02,adopted,
r2/node-sea @ 0274c35c9a5a,AC-RC-003,runtime capability,RC-SEA-03,adopted,
r2/node-sea @ 0274c35c9a5a,AC-RC-004,runtime capability,RC-SEA-04,adopted,
r2/node-sea @ 0274c35c9a5a,AC-RC-005,runtime capability,RC-SEA-04,adopted,
r2/node-sea @ 0274c35c9a5a,AC-RC-006,runtime capability,RC-SEA-05,adopted,
r2/node-sea @ 0274c35c9a5a,AC-RC-007,runtime capability,SC-S-24,adopted,
r2/node-sea @ 0274c35c9a5a,AC-RC-008,runtime capability,SC-S-24,adopted,
r2/node-sea @ 0274c35c9a5a,AC-RC-009,runtime capability,SC-S-24,adopted,
r2/node-sea @ 0274c35c9a5a,AC-RC-010,runtime capability,SC-S-24,adopted,
r2/node-sea @ 0274c35c9a5a,AC-RC-011,runtime capability,SC-S-24,adopted,
r2/node-sea @ 0274c35c9a5a,AC-RC-012,runtime capability,SC-S-24,adopted,
r2/node-sea @ 0274c35c9a5a,AC-PPM-001,post-production mutation,SC-S-25,adopted,
r2/node-sea @ 0274c35c9a5a,AC-PPM-002,post-production mutation,SC-S-25,adopted,
r2/node-sea @ 0274c35c9a5a,AC-PPM-003,post-production mutation,SC-S-26,adopted,
r2/node-sea @ 0274c35c9a5a,AC-PPM-004,post-production mutation,SC-S-27,adopted,
r2/node-sea @ 0274c35c9a5a,AC-PPM-005,post-production mutation,SC-S-27,adopted,
r2/node-sea @ 0274c35c9a5a,AC-PPM-006,post-production mutation,SC-S-27,adopted,
r2/node-sea @ 0274c35c9a5a,AC-PPM-007,post-production mutation,SC-S-27,adopted,
r2/node-sea @ 0274c35c9a5a,AC-EPP-001,external-platform-primitive,SC-S-28,adopted,
r2/node-sea @ 0274c35c9a5a,AC-EPP-002,external-platform-primitive,SC-S-28,adopted,
r2/node-sea @ 0274c35c9a5a,AC-EPP-003,external-platform-primitive,SC-S-28,adopted,
r2/node-sea @ 0274c35c9a5a,AC-EPP-004,external-platform-primitive,SC-S-28,adopted,
r2/node-sea @ 0274c35c9a5a,AC-EPP-005,external-platform-primitive,SC-S-28,adopted,
r2/node-sea @ 0274c35c9a5a,AC-EPP-006,external-platform-primitive,SC-S-28,adopted,
r2/node-sea @ 0274c35c9a5a,AC-ROLE-001,portable-role,SC-S-32,adopted,
r2/node-sea @ 0274c35c9a5a,AC-ROLE-002,portable-role,SC-S-32,adopted,
r2/node-sea @ 0274c35c9a5a,AC-LAW-001,architecture-law,SC-S-29,adopted,
r2/node-sea @ 0274c35c9a5a,AC-LAW-002,architecture-law,SC-S-29,adopted,
r2/node-sea @ 0274c35c9a5a,AC-LAW-003,architecture-law,SC-S-30,adopted,
r2/node-sea @ 0274c35c9a5a,AC-LAW-004,architecture-law,SC-S-30,adopted,
r2/node-sea @ 0274c35c9a5a,AC-LAW-005,architecture-law,SC-S-30,adopted,
r2/node-sea @ 0274c35c9a5a,AC-LAW-006,architecture-law,SC-S-30,adopted,
r2/node-sea @ 0274c35c9a5a,AC-LAW-007,architecture-law,SC-S-30,adopted,
r2/node-sea @ 0274c35c9a5a,AC-LAW-008,architecture-law,SC-S-30,adopted,
r2/node-sea @ 0274c35c9a5a,AC-LAW-009,architecture-law,SC-S-31,adopted,
r2/node-sea @ 0274c35c9a5a,AC-LAW-010,architecture-law,SC-S-31,adopted,
r2/node-sea @ 0274c35c9a5a,AC-LAW-011,architecture-law,SC-S-31,adopted,
r2/node-sea @ 0274c35c9a5a,AC-LAW-012,architecture-law,SC-S-27,adopted,
r2/node-sea @ 0274c35c9a5a,AC-LAW-013,architecture-law,SC-S-31,adopted,
r2/node-sea @ 0274c35c9a5a,E-CORPUS-GOV,evidence-coordinate,corpus governance/lane documents @ immutable base,evidence-grouped,corpus-law input
r2/node-sea @ 0274c35c9a5a,E-CORPUS-DECISIONS,evidence-coordinate,corpus governance/lane documents @ immutable base,evidence-grouped,corpus-law input
r2/node-sea @ 0274c35c9a5a,E-CORPUS-RECON,evidence-coordinate,corpus governance/lane documents @ immutable base,evidence-grouped,corpus-law input
r2/node-sea @ 0274c35c9a5a,E-CORPUS-GATES,evidence-coordinate,corpus governance/lane documents @ immutable base,evidence-grouped,corpus-law input
r2/node-sea @ 0274c35c9a5a,E-CORPUS-PROGRAM,evidence-coordinate,corpus governance/lane documents @ immutable base,evidence-grouped,corpus-law input
r2/node-sea @ 0274c35c9a5a,E-CORPUS-DOSSIER,evidence-coordinate,corpus governance/lane documents @ immutable base,evidence-grouped,corpus-law input
r2/node-sea @ 0274c35c9a5a,E-CORPUS-ADMISS,evidence-coordinate,corpus governance/lane documents @ immutable base,evidence-grouped,corpus-law input
r2/node-sea @ 0274c35c9a5a,E-CORPUS-DOMAIN,evidence-coordinate,corpus governance/lane documents @ immutable base,evidence-grouped,corpus-law input
r2/node-sea @ 0274c35c9a5a,E-CORPUS-LEGAL,evidence-coordinate,corpus governance/lane documents @ immutable base,evidence-grouped,corpus-law input
r2/node-sea @ 0274c35c9a5a,E-CORPUS-IMPORTS,evidence-coordinate,corpus governance/lane documents @ immutable base,evidence-grouped,corpus-law input
r2/node-sea @ 0274c35c9a5a,E-CORPUS-NEGOTIATION,evidence-coordinate,corpus governance/lane documents @ immutable base,evidence-grouped,corpus-law input
r2/node-sea @ 0274c35c9a5a,E-CORPUS-ADVERSARIAL,evidence-coordinate,corpus governance/lane documents @ immutable base,evidence-grouped,corpus-law input
r2/node-sea @ 0274c35c9a5a,E-CORPUS-RECORDED,evidence-coordinate,corpus governance/lane documents @ immutable base,evidence-grouped,corpus-law input
r2/node-sea @ 0274c35c9a5a,E-CORPUS-FALSIFIERS,evidence-coordinate,corpus governance/lane documents @ immutable base,evidence-grouped,corpus-law input
r2/node-sea @ 0274c35c9a5a,E-CORPUS-LIFECYCLE,evidence-coordinate,corpus governance/lane documents @ immutable base,evidence-grouped,corpus-law input
r2/node-sea @ 0274c35c9a5a,E-CORPUS-OWNERSHIP,evidence-coordinate,corpus governance/lane documents @ immutable base,evidence-grouped,corpus-law input
r2/node-sea @ 0274c35c9a5a,E-CORPUS-COMPAT,evidence-coordinate,corpus governance/lane documents @ immutable base,evidence-grouped,corpus-law input
r2/node-sea @ 0274c35c9a5a,E-CORPUS-RELATIONS,evidence-coordinate,corpus governance/lane documents @ immutable base,evidence-grouped,corpus-law input
r2/node-sea @ 0274c35c9a5a,E-CORPUS-PREFLIGHT,evidence-coordinate,corpus governance/lane documents @ immutable base,evidence-grouped,corpus-law input
r2/node-sea @ 0274c35c9a5a,E-CORPUS-APPLE,evidence-coordinate,corpus governance/lane documents @ immutable base,evidence-grouped,corpus-law input
r2/node-sea @ 0274c35c9a5a,E-NODE-26-TAG,evidence-coordinate,EC-SEA-DOC,evidence-grouped,
r2/node-sea @ 0274c35c9a5a,E-NODE-26-DOC-INTRO,evidence-coordinate,EC-SEA-DOC,evidence-grouped,
r2/node-sea @ 0274c35c9a5a,E-NODE-26-DOC-CONFIG,evidence-coordinate,EC-SEA-DOC,evidence-grouped,
r2/node-sea @ 0274c35c9a5a,E-NODE-26-DOC-ASSETS,evidence-coordinate,EC-SEA-DOC,evidence-grouped,
r2/node-sea @ 0274c35c9a5a,E-NODE-26-DOC-SNAPSHOT-CACHE,evidence-coordinate,EC-SEA-DOC,evidence-grouped,
r2/node-sea @ 0274c35c9a5a,E-NODE-26-DOC-ARGV,evidence-coordinate,EC-SEA-DOC,evidence-grouped,
r2/node-sea @ 0274c35c9a5a,E-NODE-26-DOC-RUNTIME,evidence-coordinate,EC-SEA-DOC,evidence-grouped,
r2/node-sea @ 0274c35c9a5a,E-NODE-26-DOC-LOADER,evidence-coordinate,EC-SEA-DOC,evidence-grouped,
r2/node-sea @ 0274c35c9a5a,E-NODE-26-DOC-LEGACY,evidence-coordinate,EC-SEA-DOC,evidence-grouped,
r2/node-sea @ 0274c35c9a5a,E-NODE-26-DOC-PLATFORMS,evidence-coordinate,EC-SEA-DOC,evidence-grouped,
r2/node-sea @ 0274c35c9a5a,E-NODE-24-DOC,evidence-coordinate,EC-SEA-DOC,evidence-grouped,
r2/node-sea @ 0274c35c9a5a,E-NODE-22-DOC,evidence-coordinate,EC-SEA-DOC,evidence-grouped,
r2/node-sea @ 0274c35c9a5a,E-NODE-26-SRC-BIN,evidence-coordinate,EC-SEA-SRC,evidence-grouped,
r2/node-sea @ 0274c35c9a5a,E-NODE-26-SRC-SEA,evidence-coordinate,EC-SEA-SRC,evidence-grouped,
r2/node-sea @ 0274c35c9a5a,E-NODE-26-LIEF,evidence-coordinate,EC-SEA-SRC,evidence-grouped,
r2/node-sea @ 0274c35c9a5a,E-NODE-INITIAL,evidence-coordinate,EC-SEA-COMMITS,evidence-grouped,
r2/node-sea @ 0274c35c9a5a,E-NODE-BLOB-JSON,evidence-coordinate,EC-SEA-COMMITS,evidence-grouped,
r2/node-sea @ 0274c35c9a5a,E-NODE-SNAPSHOT,evidence-coordinate,EC-SEA-COMMITS,evidence-grouped,
r2/node-sea @ 0274c35c9a5a,E-NODE-CJS-CACHE,evidence-coordinate,EC-SEA-COMMITS,evidence-grouped,
r2/node-sea @ 0274c35c9a5a,E-NODE-ASSETS,evidence-coordinate,EC-SEA-COMMITS,evidence-grouped,
r2/node-sea @ 0274c35c9a5a,E-NODE-ARGV,evidence-coordinate,EC-SEA-COMMITS,evidence-grouped,
r2/node-sea @ 0274c35c9a5a,E-NODE-ARGVEXT,evidence-coordinate,EC-SEA-COMMITS,evidence-grouped,
r2/node-sea @ 0274c35c9a5a,E-NODE-ASSET-KEYS,evidence-coordinate,EC-SEA-COMMITS,evidence-grouped,
r2/node-sea @ 0274c35c9a5a,E-NODE-DIRECT,evidence-coordinate,EC-SEA-COMMITS,evidence-grouped,
r2/node-sea @ 0274c35c9a5a,E-NODE-DIRECT-PATH,evidence-coordinate,EC-SEA-COMMITS,evidence-grouped,
r2/node-sea @ 0274c35c9a5a,E-NODE-ESM,evidence-coordinate,EC-SEA-COMMITS,evidence-grouped,
r2/node-sea @ 0274c35c9a5a,E-NODE-ESM-CACHE,evidence-coordinate,EC-SEA-COMMITS,evidence-grouped,
r2/node-sea @ 0274c35c9a5a,E-NODE-RELEASE-INDEX,evidence-coordinate,EC-SEA-DOC,evidence-grouped,
r2/rolldown @ 6eedca3a4633,OP-ROL-001,operation,CO-ROL-01,adopted-with-correction,lane corrected to in-process-api (MSD-04)
r2/rolldown @ 6eedca3a4633,OP-ROL-002,operation,CO-ROL-02,promoted,handle-bound operation; lane/lifecycle normalized (MSD-06)
r2/rolldown @ 6eedca3a4633,OP-ROL-003,operation,CO-ROL-03,promoted,handle-bound operation; lane/lifecycle normalized (MSD-06)
r2/rolldown @ 6eedca3a4633,OP-ROL-004,operation,CO-ROL-01,demoted,close is the release sub-operation of CO-ROL-01 (MSD-06)
r2/rolldown @ 6eedca3a4633,OP-ROL-005,operation,CO-ROL-04,adopted-with-correction,lane corrected to in-process-api; lifecycle vocabulary normalized (MSD-04/MSD-08)
r2/rolldown @ 6eedca3a4633,OP-ROL-006,operation,CO-ROL-05,adopted-with-correction,lane corrected to in-process-api; lifecycle vocabulary normalized (MSD-04/MSD-08)
r2/rolldown @ 6eedca3a4633,OP-ROL-007,operation,CO-ROL-06,adopted-with-correction,lane corrected to in-process-api; lifecycle vocabulary normalized (MSD-04/MSD-08)
r2/rolldown @ 6eedca3a4633,OP-ROL-008,operation,CO-ROL-07,adopted-with-correction,lane corrected to in-process-api; lifecycle vocabulary normalized (MSD-04/MSD-08)
r2/rolldown @ 6eedca3a4633,OP-ROL-009,operation,CO-ROL-06;CO-ROL-07,demoted,watcher close is the release sub-operation (MSD-06)
r2/rolldown @ 6eedca3a4633,OP-ROL-010,operation,CO-ROL-08,adopted-with-correction,lane corrected to in-process-api; lifecycle vocabulary normalized (MSD-04/MSD-08)
r2/rolldown @ 6eedca3a4633,OP-ROL-011,operation,CO-ROL-09,adopted-with-correction,resource_result corrected no-public-value -> caller-owned-value (MSD-08)
r2/rolldown @ 6eedca3a4633,OP-ROL-012,operation,CO-ROL-10,adopted-with-correction,lane corrected to in-process-api; lifecycle vocabulary normalized (MSD-04/MSD-08)
r2/rolldown @ 6eedca3a4633,OP-ROL-013,operation,CO-ROL-11,adopted-with-correction,lane corrected to in-process-api; lifecycle vocabulary normalized (MSD-04/MSD-08)
r2/rolldown @ 6eedca3a4633,OP-ROL-014,operation,CO-ROL-12,adopted-with-correction,lane corrected to in-process-api; lifecycle vocabulary normalized (MSD-04/MSD-08)
r2/rolldown @ 6eedca3a4633,OP-ROL-015,operation,CO-ROL-13,adopted-with-correction,lane corrected to in-process-api; lifecycle vocabulary normalized (MSD-04/MSD-08)
r2/rolldown @ 6eedca3a4633,OP-ROL-016,operation,CO-ROL-14,adopted-with-correction,lane corrected to in-process-api; lifecycle vocabulary normalized (MSD-04/MSD-08)
r2/rolldown @ 6eedca3a4633,OP-ROL-017,operation,CO-ROL-15,adopted-with-correction,one-shot-with-cleanup mapped to one-shot + scope-borrowed-value (MSD-08)
r2/rolldown @ 6eedca3a4633,OP-ROL-018,operation,CU-ROL-01,held,candidate-unresolved: mixed-configured publication is an illegal state (MSD-08)
r2/rolldown @ 6eedca3a4633,OP-ROL-019,operation,CU-ROL-01,demoted,dev-engine close folds into CU-ROL-01 (MSD-06)
r2/rolldown @ 6eedca3a4633,OP-ROL-020,operation,CO-ROL-16,adopted-with-correction,lane corrected to in-process-api; lifecycle vocabulary normalized (MSD-04/MSD-08)
r2/rolldown @ 6eedca3a4633,OP-ROL-021,operation,CO-ROL-17,adopted-with-correction,lane corrected to in-process-api; lifecycle vocabulary normalized (MSD-04/MSD-08)
r2/rolldown @ 6eedca3a4633,OP-ROL-022,operation,CO-ROL-18,adopted-with-correction,lane corrected to in-process-api; lifecycle vocabulary normalized (MSD-04/MSD-08)
r2/rolldown @ 6eedca3a4633,AC-ROL-001,op,CO-ROL-01,adopted,
r2/rolldown @ 6eedca3a4633,AC-ROL-002,op,CO-ROL-02,adopted,
r2/rolldown @ 6eedca3a4633,AC-ROL-003,op,CO-ROL-03,adopted,
r2/rolldown @ 6eedca3a4633,AC-ROL-004,op,CO-ROL-01,adopted,
r2/rolldown @ 6eedca3a4633,AC-ROL-005,op,CO-ROL-04,adopted,
r2/rolldown @ 6eedca3a4633,AC-ROL-006,op,CO-ROL-05,adopted,
r2/rolldown @ 6eedca3a4633,AC-ROL-007,op,CO-ROL-06,adopted,
r2/rolldown @ 6eedca3a4633,AC-ROL-008,op,CO-ROL-07,adopted,
r2/rolldown @ 6eedca3a4633,AC-ROL-009,op,CO-ROL-06;CO-ROL-07,adopted,
r2/rolldown @ 6eedca3a4633,AC-ROL-010,op,CO-ROL-08,adopted,
r2/rolldown @ 6eedca3a4633,AC-ROL-011,op,CO-ROL-09,adopted,
r2/rolldown @ 6eedca3a4633,AC-ROL-012,op,CO-ROL-10,adopted,
r2/rolldown @ 6eedca3a4633,AC-ROL-013,op,CO-ROL-11,adopted,
r2/rolldown @ 6eedca3a4633,AC-ROL-014,op,CO-ROL-12,adopted,
r2/rolldown @ 6eedca3a4633,AC-ROL-015,op,CO-ROL-13,adopted,
r2/rolldown @ 6eedca3a4633,AC-ROL-016,op,CO-ROL-14,adopted,
r2/rolldown @ 6eedca3a4633,AC-ROL-017,op,CO-ROL-15,adopted,
r2/rolldown @ 6eedca3a4633,AC-ROL-018,op,CU-ROL-01,adopted,
r2/rolldown @ 6eedca3a4633,AC-ROL-019,op,CU-ROL-01,adopted,
r2/rolldown @ 6eedca3a4633,AC-ROL-020,op,CO-ROL-16,adopted,
r2/rolldown @ 6eedca3a4633,AC-ROL-021,op,CO-ROL-17,adopted,
r2/rolldown @ 6eedca3a4633,AC-ROL-022,op,CO-ROL-18,adopted,
r2/rolldown @ 6eedca3a4633,AC-ROL-023,mode,SC-R-20,adopted,
r2/rolldown @ 6eedca3a4633,AC-ROL-024,mode,SC-R-20,adopted,
r2/rolldown @ 6eedca3a4633,AC-ROL-025,mode,SC-R-21,adopted,
r2/rolldown @ 6eedca3a4633,AC-ROL-026,mode,SC-R-21,adopted,
r2/rolldown @ 6eedca3a4633,AC-ROL-027,mode,SC-R-21,adopted,
r2/rolldown @ 6eedca3a4633,AC-ROL-028,mode,SC-R-21,adopted,
r2/rolldown @ 6eedca3a4633,AC-ROL-029,mod,SC-R-20,adopted,
r2/rolldown @ 6eedca3a4633,AC-ROL-030,mod,SC-R-20,adopted,
r2/rolldown @ 6eedca3a4633,AC-ROL-031,mod,SC-R-20,adopted,
r2/rolldown @ 6eedca3a4633,AC-ROL-032,mod,SC-R-20,adopted,
r2/rolldown @ 6eedca3a4633,AC-ROL-033,mod,SC-R-20,adopted,
r2/rolldown @ 6eedca3a4633,AC-ROL-034,mod,SC-R-21,adopted,
r2/rolldown @ 6eedca3a4633,AC-ROL-035,mod,SC-R-21,adopted,
r2/rolldown @ 6eedca3a4633,AC-ROL-036,mod,SC-R-21,adopted,
r2/rolldown @ 6eedca3a4633,AC-ROL-037,result,SC-R-22,adopted,
r2/rolldown @ 6eedca3a4633,AC-ROL-038,result,SC-R-22,adopted,
r2/rolldown @ 6eedca3a4633,AC-ROL-039,result,SC-R-22,adopted,
r2/rolldown @ 6eedca3a4633,AC-ROL-040,result,SC-R-22,adopted,
r2/rolldown @ 6eedca3a4633,AC-ROL-041,result,SC-R-22,adopted,
r2/rolldown @ 6eedca3a4633,AC-ROL-042,result,SC-R-22,adopted,
r2/rolldown @ 6eedca3a4633,AC-ROL-043,result,SC-R-23,adopted,
r2/rolldown @ 6eedca3a4633,AC-ROL-044,result,SC-R-23,adopted,
r2/rolldown @ 6eedca3a4633,AC-ROL-045,result,CO-ROL-11,adopted,
r2/rolldown @ 6eedca3a4633,AC-ROL-046,result,CO-ROL-12,adopted,
r2/rolldown @ 6eedca3a4633,AC-ROL-047,result,CO-ROL-13,adopted,
r2/rolldown @ 6eedca3a4633,AC-ROL-048,result,CO-ROL-14,adopted,
r2/rolldown @ 6eedca3a4633,AC-ROL-049,result,SC-R-24,adopted,
r2/rolldown @ 6eedca3a4633,AC-ROL-050,result,CO-ROL-08,adopted,
r2/rolldown @ 6eedca3a4633,AC-ROL-051,result,CO-ROL-18,adopted,
r2/rolldown @ 6eedca3a4633,AC-ROL-052,subop,SC-R-25,adopted,
r2/rolldown @ 6eedca3a4633,AC-ROL-053,subop,SC-R-25,adopted,
r2/rolldown @ 6eedca3a4633,AC-ROL-054,subop,SC-R-25,adopted,
r2/rolldown @ 6eedca3a4633,AC-ROL-055,subop,SC-R-25,adopted,
r2/rolldown @ 6eedca3a4633,AC-ROL-056,subop,SC-R-25,adopted,
r2/rolldown @ 6eedca3a4633,AC-ROL-057,subop,SC-R-25,adopted,
r2/rolldown @ 6eedca3a4633,AC-ROL-058,subop,SC-R-25,adopted,
r2/rolldown @ 6eedca3a4633,AC-ROL-059,subop,SC-R-25,adopted,
r2/rolldown @ 6eedca3a4633,AC-ROL-060,subop,SC-R-25,adopted,
r2/rolldown @ 6eedca3a4633,AC-ROL-061,subop,SC-R-25,adopted,
r2/rolldown @ 6eedca3a4633,AC-ROL-062,subop,SC-R-25,adopted,
r2/rolldown @ 6eedca3a4633,AC-ROL-063,subop,SC-R-25,adopted,
r2/rolldown @ 6eedca3a4633,AC-ROL-064,subop,SC-R-25,adopted,
r2/rolldown @ 6eedca3a4633,AC-ROL-065,subop,SC-R-25,adopted,
r2/rolldown @ 6eedca3a4633,AC-ROL-066,subop,SC-R-25,adopted,
r2/rolldown @ 6eedca3a4633,AC-ROL-067,subop,SC-R-25,adopted,
r2/rolldown @ 6eedca3a4633,AC-ROL-068,subop,SC-R-25,adopted,
r2/rolldown @ 6eedca3a4633,AC-ROL-069,subop,SC-R-25,adopted,
r2/rolldown @ 6eedca3a4633,AC-ROL-070,subop,SC-R-25,adopted,
r2/rolldown @ 6eedca3a4633,AC-ROL-071,subop,SC-R-25,adopted,
r2/rolldown @ 6eedca3a4633,AC-ROL-072,subop,SC-R-25,adopted,
r2/rolldown @ 6eedca3a4633,AC-ROL-073,subop,SC-R-25,adopted,
r2/rolldown @ 6eedca3a4633,AC-ROL-074,relation,SC-R-27,adopted,
r2/rolldown @ 6eedca3a4633,AC-ROL-075,relation,SC-R-27,adopted,
r2/rolldown @ 6eedca3a4633,AC-ROL-076,relation,SC-R-27,adopted,
r2/rolldown @ 6eedca3a4633,AC-ROL-077,relation,SC-R-27,adopted,
r2/rolldown @ 6eedca3a4633,AC-ROL-078,relation,SC-R-27,adopted,
r2/rolldown @ 6eedca3a4633,AC-ROL-079,relation,SC-R-27,adopted,
r2/rolldown @ 6eedca3a4633,AC-ROL-080,relation,SC-R-28,adopted,
r2/rolldown @ 6eedca3a4633,AC-ROL-081,relation,SC-R-28,adopted,
r2/rolldown @ 6eedca3a4633,AC-ROL-082,relation,SC-R-29,adopted,
r2/rolldown @ 6eedca3a4633,AC-ROL-083,relation,SC-R-29,adopted,
r2/rolldown @ 6eedca3a4633,AC-ROL-084,relation,SC-R-29,adopted,
r2/rolldown @ 6eedca3a4633,AC-ROL-085,relation,SC-R-29,adopted,
r2/rolldown @ 6eedca3a4633,AC-ROL-086,relation,SC-R-32,adopted,
r2/rolldown @ 6eedca3a4633,AC-ROL-087,relation,SC-R-27,adopted,
r2/rolldown @ 6eedca3a4633,AC-ROL-088,relation,SC-R-27,adopted,
r2/rolldown @ 6eedca3a4633,AC-ROL-089,life,CO-ROL-01,adopted,
r2/rolldown @ 6eedca3a4633,AC-ROL-090,life,CO-ROL-01,adopted,
r2/rolldown @ 6eedca3a4633,AC-ROL-091,life,CO-ROL-04,adopted,
r2/rolldown @ 6eedca3a4633,AC-ROL-092,life,SC-R-24,adopted,
r2/rolldown @ 6eedca3a4633,AC-ROL-093,life,SC-R-24,adopted,
r2/rolldown @ 6eedca3a4633,AC-ROL-094,life,CU-ROL-01,adopted,
r2/rolldown @ 6eedca3a4633,AC-ROL-095,life,CO-ROL-15,adopted,
r2/rolldown @ 6eedca3a4633,AC-ROL-096,life,CO-ROL-14,adopted,
r2/rolldown @ 6eedca3a4633,AC-ROL-097,life,SC-R-26,adopted,
r2/rolldown @ 6eedca3a4633,AC-ROL-098,life,SC-R-26,adopted,
r2/rolldown @ 6eedca3a4633,AC-ROL-099,life,SC-R-26,adopted,
r2/rolldown @ 6eedca3a4633,AC-ROL-100,life,SC-R-26,adopted,
r2/rolldown @ 6eedca3a4633,AC-ROL-101,life,CO-ROL-03,adopted,
r2/rolldown @ 6eedca3a4633,AC-ROL-102,life,CO-ROL-03,adopted,
r2/rolldown @ 6eedca3a4633,AC-ROL-103,life,CO-ROL-02,adopted,
r2/rolldown @ 6eedca3a4633,AC-ROL-104,life,SC-R-25,adopted,
r2/rolldown @ 6eedca3a4633,AC-ROL-105,life,SC-R-25,adopted,
r2/rolldown @ 6eedca3a4633,AC-ROL-106,life,SC-R-25,adopted,
r2/rolldown @ 6eedca3a4633,AC-ROL-107,life,CO-ROL-10,adopted,
r2/rolldown @ 6eedca3a4633,AC-ROL-108,life,SC-R-26,adopted,
r2/rolldown @ 6eedca3a4633,AC-ROL-109,compat,SC-R-30,adopted,
r2/rolldown @ 6eedca3a4633,AC-ROL-110,compat,SC-R-30,adopted,
r2/rolldown @ 6eedca3a4633,AC-ROL-111,compat,SC-R-30,adopted,
r2/rolldown @ 6eedca3a4633,AC-ROL-112,compat,SC-R-30,adopted,
r2/rolldown @ 6eedca3a4633,AC-ROL-113,compat,SC-R-29,adopted,
r2/rolldown @ 6eedca3a4633,AC-ROL-114,compat,SC-R-28,adopted,
r2/rolldown @ 6eedca3a4633,AC-ROL-115,compat,CO-ROL-18,adopted,
r2/rolldown @ 6eedca3a4633,AC-ROL-116,compat,CO-ROL-11;CO-ROL-12;CO-ROL-13,adopted,
r2/rolldown @ 6eedca3a4633,AC-ROL-117,compat,SC-R-32,adopted,
r2/rolldown @ 6eedca3a4633,AC-ROL-118,compat,SC-R-32,adopted,
r2/rolldown @ 6eedca3a4633,AC-ROL-119,compat,CO-ROL-16,adopted,
r2/rolldown @ 6eedca3a4633,AC-ROL-120,compat,CU-ROL-01,adopted,
r2/rolldown @ 6eedca3a4633,AC-ROL-121,compat,CO-ROL-17,adopted,
r2/rolldown @ 6eedca3a4633,AC-ROL-122,compat,SC-R-30,adopted,
r2/rolldown @ 6eedca3a4633,AC-ROL-123,compat,SC-R-29,adopted,
r2/rolldown @ 6eedca3a4633,AC-ROL-124,arch,METHOD,adopted,
r2/rolldown @ 6eedca3a4633,AC-ROL-125,arch,METHOD,adopted,
r2/rolldown @ 6eedca3a4633,AC-ROL-126,arch,METHOD,adopted,
r2/rolldown @ 6eedca3a4633,AC-ROL-127,arch,SC-X-07,adopted,
r2/rolldown @ 6eedca3a4633,AC-ROL-128,arch,METHOD,adopted,
r2/rolldown @ 6eedca3a4633,AC-ROL-129,arch,METHOD,adopted,
r2/rolldown @ 6eedca3a4633,AC-ROL-130,arch,METHOD,adopted,
r2/rolldown @ 6eedca3a4633,AC-ROL-131,arch,SC-R-31,adopted,
r2/rolldown @ 6eedca3a4633,AC-ROL-132,arch,SC-R-22,adopted,
r2/rolldown @ 6eedca3a4633,AC-ROL-133,arch,SC-R-22,adopted,
r2/rolldown @ 6eedca3a4633,AC-ROL-134,arch,SC-X-10,adopted,
r2/rolldown @ 6eedca3a4633,AC-ROL-135,arch,SC-X-08,adopted,
r2/rolldown @ 6eedca3a4633,AC-ROL-136,arch,SC-X-08,adopted,
r2/rolldown @ 6eedca3a4633,AC-ROL-137,arch,SC-X-08,adopted,
r2/rolldown @ 6eedca3a4633,AC-ROL-138,arch,SC-X-08,adopted,
r2/rolldown @ 6eedca3a4633,AC-ROL-139,arch,SC-R-31,adopted,
r2/rolldown @ 6eedca3a4633,AC-ROL-140,arch,SC-R-31,adopted,
r2/rolldown @ 6eedca3a4633,AC-ROL-141,arch,SC-X-07,adopted,
r2/rolldown @ 6eedca3a4633,AC-ROL-142,probe,EXECUTABLE-PROBE-QUEUE (Rolldown section),probe-queued,
r2/rolldown @ 6eedca3a4633,AC-ROL-143,probe,EXECUTABLE-PROBE-QUEUE (Rolldown section),probe-queued,
r2/rolldown @ 6eedca3a4633,AC-ROL-144,probe,EXECUTABLE-PROBE-QUEUE (Rolldown section),probe-queued,
r2/rolldown @ 6eedca3a4633,AC-ROL-145,probe,EXECUTABLE-PROBE-QUEUE (Rolldown section),probe-queued,
r2/rolldown @ 6eedca3a4633,AC-ROL-146,probe,EXECUTABLE-PROBE-QUEUE (Rolldown section),probe-queued,
r2/rolldown @ 6eedca3a4633,AC-ROL-147,probe,EXECUTABLE-PROBE-QUEUE (Rolldown section),probe-queued,
r2/rolldown @ 6eedca3a4633,AC-ROL-148,probe,EXECUTABLE-PROBE-QUEUE (Rolldown section),probe-queued,
r2/rolldown @ 6eedca3a4633,AC-ROL-149,probe,EXECUTABLE-PROBE-QUEUE (Rolldown section),probe-queued,
r2/rolldown @ 6eedca3a4633,AC-ROL-150,probe,EXECUTABLE-PROBE-QUEUE (Rolldown section),probe-queued,
r2/rolldown @ 6eedca3a4633,AC-ROL-151,probe,EXECUTABLE-PROBE-QUEUE (Rolldown section),probe-queued,
r2/rolldown @ 6eedca3a4633,AC-ROL-152,probe,EXECUTABLE-PROBE-QUEUE (Rolldown section),probe-queued,
r2/rolldown @ 6eedca3a4633,AC-ROL-153,probe,EXECUTABLE-PROBE-QUEUE (Rolldown section),probe-queued,
r2/rolldown @ 6eedca3a4633,AC-ROL-154,probe,EXECUTABLE-PROBE-QUEUE (Rolldown section),probe-queued,
r2/rolldown @ 6eedca3a4633,AC-ROL-155,probe,EXECUTABLE-PROBE-QUEUE (Rolldown section),probe-queued,
r2/rolldown @ 6eedca3a4633,AC-ROL-156,probe,EXECUTABLE-PROBE-QUEUE (Rolldown section),probe-queued,
r2/rolldown @ 6eedca3a4633,AC-ROL-157,probe,EXECUTABLE-PROBE-QUEUE (Rolldown section),probe-queued,
r2/rolldown @ 6eedca3a4633,AC-ROL-158,probe,EXECUTABLE-PROBE-QUEUE (Rolldown section),probe-queued,
r2/rolldown @ 6eedca3a4633,AC-ROL-159,probe,EXECUTABLE-PROBE-QUEUE (Rolldown section),probe-queued,
r2/rolldown @ 6eedca3a4633,AC-ROL-160,probe,EXECUTABLE-PROBE-QUEUE (Rolldown section),probe-queued,
r2/rolldown @ 6eedca3a4633,E-ROL-TAG,evidence-coordinate,EC-ROL-SRC,evidence-grouped,
r2/rolldown @ 6eedca3a4633,E-ROL-PKG,evidence-coordinate,EC-ROL-SRC,evidence-grouped,
r2/rolldown @ 6eedca3a4633,E-ROL-INDEX,evidence-coordinate,EC-ROL-SRC,evidence-grouped,
r2/rolldown @ 6eedca3a4633,E-ROL-ACQUIRE,evidence-coordinate,EC-ROL-SRC,evidence-grouped,
r2/rolldown @ 6eedca3a4633,E-ROL-HANDLE,evidence-coordinate,EC-ROL-SRC,evidence-grouped,
r2/rolldown @ 6eedca3a4633,E-ROL-BUILD,evidence-coordinate,EC-ROL-SRC,evidence-grouped,
r2/rolldown @ 6eedca3a4633,E-ROL-INPUT,evidence-coordinate,EC-ROL-SRC,evidence-grouped,
r2/rolldown @ 6eedca3a4633,E-ROL-OUTPUT-OPTIONS,evidence-coordinate,EC-ROL-SRC,evidence-grouped,
r2/rolldown @ 6eedca3a4633,E-ROL-OUTPUT-TYPES,evidence-coordinate,EC-ROL-SRC,evidence-grouped,
r2/rolldown @ 6eedca3a4633,E-ROL-OUTPUT-IMPL,evidence-coordinate,EC-ROL-SRC,evidence-grouped,
r2/rolldown @ 6eedca3a4633,E-ROL-EXTMEM,evidence-coordinate,EC-ROL-SRC,evidence-grouped,
r2/rolldown @ 6eedca3a4633,E-ROL-PLUGIN,evidence-coordinate,EC-ROL-SRC,evidence-grouped,
r2/rolldown @ 6eedca3a4633,E-ROL-PLUGIN-CONTEXT,evidence-coordinate,EC-ROL-SRC,evidence-grouped,
r2/rolldown @ 6eedca3a4633,E-ROL-TRANSFORM-OPTIONS,evidence-coordinate,EC-ROL-SRC,evidence-grouped,
r2/rolldown @ 6eedca3a4633,E-ROL-WATCH-API,evidence-coordinate,EC-ROL-SRC,evidence-grouped,
r2/rolldown @ 6eedca3a4633,E-ROL-WATCH-EVENT,evidence-coordinate,EC-ROL-SRC,evidence-grouped,
r2/rolldown @ 6eedca3a4633,E-ROL-WATCH-IMPL,evidence-coordinate,EC-ROL-SRC,evidence-grouped,
r2/rolldown @ 6eedca3a4633,E-ROL-CLI-BUNDLE,evidence-coordinate,EC-ROL-SRC,evidence-grouped,
r2/rolldown @ 6eedca3a4633,E-ROL-CLI-ARGS,evidence-coordinate,EC-ROL-SRC,evidence-grouped,
r2/rolldown @ 6eedca3a4633,E-ROL-CONFIG,evidence-coordinate,EC-ROL-SRC,evidence-grouped,
r2/rolldown @ 6eedca3a4633,E-ROL-UTILS,evidence-coordinate,EC-ROL-SRC,evidence-grouped,
r2/rolldown @ 6eedca3a4633,E-ROL-TRANSFORM,evidence-coordinate,EC-ROL-SRC,evidence-grouped,
r2/rolldown @ 6eedca3a4633,E-ROL-PARSE,evidence-coordinate,EC-ROL-SRC,evidence-grouped,
r2/rolldown @ 6eedca3a4633,E-ROL-PARSE-AST,evidence-coordinate,EC-ROL-SRC,evidence-grouped,
r2/rolldown @ 6eedca3a4633,E-ROL-MINIFY,evidence-coordinate,EC-ROL-SRC,evidence-grouped,
r2/rolldown @ 6eedca3a4633,E-ROL-EXPERIMENTAL,evidence-coordinate,EC-ROL-SRC,evidence-grouped,
r2/rolldown @ 6eedca3a4633,E-ROL-SCAN,evidence-coordinate,EC-ROL-SRC,evidence-grouped,
r2/rolldown @ 6eedca3a4633,E-ROL-DEV,evidence-coordinate,EC-ROL-SRC,evidence-grouped,
r2/rolldown @ 6eedca3a4633,E-ROL-DEV-OPTIONS,evidence-coordinate,EC-ROL-SRC,evidence-grouped,
r2/rolldown @ 6eedca3a4633,E-ROL-BINDING-DTS,evidence-coordinate,EC-ROL-SRC,evidence-grouped,
r2/rolldown @ 6eedca3a4633,E-ROL-BINDING-LOADER,evidence-coordinate,EC-ROL-SRC,evidence-grouped,
r2/rolldown @ 6eedca3a4633,E-ROL-NATIVE-PACKAGES,evidence-coordinate,EC-ROL-SRC,evidence-grouped,
r2/rolldown @ 6eedca3a4633,E-ROL-CHANGELOG,evidence-coordinate,EC-ROL-SRC,evidence-grouped,
r2/rolldown @ 6eedca3a4633,E-ROL-README,evidence-coordinate,EC-ROL-SRC,evidence-grouped,
r2/rolldown @ 6eedca3a4633,E-ROL-NPM-METADATA,evidence-coordinate,EC-ROL-SRC,evidence-grouped,
r2/rolldown @ 6eedca3a4633,E-ROL-NODE-ENGINES,evidence-coordinate,EC-ROL-SRC,evidence-grouped,
r2/rolldown @ 6eedca3a4633,E-ROL-VERSION,evidence-coordinate,EC-ROL-SRC,evidence-grouped,
r2/rolldown @ 6eedca3a4633,E-EB-GOV,evidence-coordinate,corpus governance/lane documents @ immutable base,evidence-grouped,
r2/rolldown @ 6eedca3a4633,E-EB-DEC,evidence-coordinate,corpus governance/lane documents @ immutable base,evidence-grouped,
r2/rolldown @ 6eedca3a4633,E-EB-RECON,evidence-coordinate,corpus governance/lane documents @ immutable base,evidence-grouped,
r2/rolldown @ 6eedca3a4633,E-EB-GATES,evidence-coordinate,corpus governance/lane documents @ immutable base,evidence-grouped,
r2/rolldown @ 6eedca3a4633,E-EB-PROGRAM,evidence-coordinate,corpus governance/lane documents @ immutable base,evidence-grouped,
r2/rolldown @ 6eedca3a4633,E-EB-BREADTH,evidence-coordinate,corpus governance/lane documents @ immutable base,evidence-grouped,
r2/rolldown @ 6eedca3a4633,E-EB-LIFE,evidence-coordinate,corpus governance/lane documents @ immutable base,evidence-grouped,
r2/rolldown @ 6eedca3a4633,E-EB-COMPAT,evidence-coordinate,corpus governance/lane documents @ immutable base,evidence-grouped,
r2/rolldown @ 6eedca3a4633,E-EB-NODE-CANON,evidence-coordinate,corpus governance/lane documents @ immutable base,evidence-grouped,
r2/rolldown @ 6eedca3a4633,E-EB-RECEIPT,evidence-coordinate,EC-ROL-RECEIPT,evidence-grouped,
r2/rolldown @ 6eedca3a4633,E-EB-PROBE,evidence-coordinate,corpus governance/lane documents @ immutable base,evidence-grouped,
r2/rolldown @ 6eedca3a4633,E-EB-ARTIFACT,evidence-coordinate,corpus governance/lane documents @ immutable base,evidence-grouped,
r2/rolldown @ 6eedca3a4633,E-EB-MANIFEST,evidence-coordinate,corpus governance/lane documents @ immutable base,evidence-grouped,
r2/rolldown @ 6eedca3a4633,E-EB-EXTERNAL-PROBE,evidence-coordinate,corpus governance/lane documents @ immutable base,evidence-grouped,
