operation_id,semantic_key,provider,operation,lane,lifecycle,resource_result,output_publication,request_type,result_type,sub_operations,request_modes_and_modifiers,result_fields,host_applicability,operation_specific_holes,cancellation_and_interruption,diagnostics_ownership,provenance,semantic_disposition,product_priority,compatibility_commitment,implementation_status,certification_status,recommendation,recommendation_rationale,gate_before_freeze,evidence_ids
ESB-OP-01,esbuild / build-memory / in-process-api / one-shot / {caller-owned-value; none},esbuild,build-memory,in-process-api,one-shot,caller-owned-value,none,BuildOptions with write:false,Promise<BuildResult>,none,"write:false (required; write defaults to true on any hasFS host); bundle; splitting; format; platform; target; supported; external; packages; alias; conditions; mainFields; resolveExtensions; preserveSymlinks; nodePaths; loader map; inject; banner; footer; define; pure; keepNames; entryPoints; stdin; plugins; absWorkingDir; tsconfig/tsconfigRaw; metafile; mangleCache; entryNames/chunkNames/assetNames; outExtension; publicPath; outbase; sourcemap; legalComments; minify*; lineLimit; charset; treeShaking; ignoreAnnotations; jsx*; drop; dropLabels; mangleProps/reserveProps/mangleQuoted; absPaths; color; logLevel; logLimit; logOverride; logStyle","errors: Message[]; warnings: Message[]; outputFiles: OutputFile[] (path, contents, hash, lazy text); metafile (only when metafile:true); mangleCache (only when supplied)",node; bun (npm package under bun runtime - unproven); deno; browser-wasm,"outfile/outdir are still validated even with write:false; OutputFile.hash carries no declared algorithm, so it cannot satisfy D12's algorithm-qualified digest without a separate traversal",No provider cancellation exists for a one-shot build; only a context can cancel. Effect interruption stops the fiber awaiting the promise; the native child continues the build.,"esbuild owns Message/Note/Location; the shared native child is spawned with stderr:'inherit', so any stderr esbuild emits goes straight to the host process stderr and cannot be captured or redirected by effect-build",UPSTREAM-DIRECT,established,high,uncommitted pending the D9 matrix,not-started,not-certified,ship,"The core scoped JavaScript-bundle capability AGENTS.md already assigns to esbuild, source-established in the tagged declarations and the shipped implementation, with a clean caller-owned result and no publication law to get wrong.","P-ESB-11 interruption-during-build; P-ESB-12 plugin cleanup on interruption; P-ESB-16 OutputFile.hash algorithm identification",EV-ESB-002; EV-ESB-003; EV-ESB-009; EV-ESB-021; EV-ESB-023
ESB-OP-02,esbuild / build-direct-write / in-process-api / one-shot / {caller-owned-value; provider-direct-durable},esbuild,build-direct-write,in-process-api,one-shot,caller-owned-value,provider-direct-durable,BuildOptions with write:true and outfile or outdir,Promise<BuildResult>,none,"write:true (the default on node/deno - writeDefault = streamIn.hasFS); outfile; outdir; outbase; allowOverwrite; entryNames/chunkNames/assetNames; outExtension; publicPath; metafile; plus every mode listed for ESB-OP-01","errors; warnings; metafile; mangleCache. outputFiles is absent by construction when write is true.",node; bun (unproven); deno; browser-wasm rejects write with 'The \"write\" option is unavailable in this environment',"esbuild writes into a caller-selected destination it does not stage or atomically publish; 0.28.2's changelog states input files are protected from overwrite without --allow-overwrite by not writing any files when a build error is encountered, and that this protection had regressed since 0.17.0 - so the protection is a 0.28.2+ fact only. Nothing upstream states what happens on interruption mid-write.","No provider cancellation. Interruption releases the fiber while the native child may still be writing. Publication is provider-direct-durable: no staging, no atomic rename, no rollback, and partial durable output after failure or interruption must be declared possible.","Same as ESB-OP-01. A failed build additionally produces a BuildFailure Error carrying errors and warnings arrays.",UPSTREAM-DIRECT,established,high,uncommitted pending the D9 matrix,not-started,not-certified,ship,"Native, default, and unavoidable for consumers who want esbuild's own output topology (chunks, assets, maps, css bundles). It ships only with an explicit provider-direct-durable publication law and an explicit no-rollback statement, per the reconciliation's lifecycle-specific publication rule.","P-ESB-13 partial-write and remnant enumeration under induced failure; P-ESB-14 interruption during write; P-ESB-15 allowOverwrite and pre-existing destination behavior at 0.28.2 versus <=0.28.1",EV-ESB-002; EV-ESB-003; EV-ESB-014; EV-ESB-023
ESB-OP-03,esbuild / transform / in-process-api / one-shot / {caller-owned-value; none},esbuild,transform,in-process-api,one-shot,caller-owned-value,none,"TransformOptions plus one string or Uint8Array source",Promise<TransformResult>,none,"sourcefile; loader (single value, not a map); banner (string); footer (string); plus the CommonOptions modifiers (format, target, supported, platform, minify*, jsx*, define, pure, keepNames, sourcemap, legalComments, sourceRoot, sourcesContent, charset, lineLimit, treeShaking, ignoreAnnotations, drop, dropLabels, mangle*, absPaths, color, logLevel, logLimit, logOverride, logStyle, tsconfigRaw)","code: string; map: string; warnings: Message[]; mangleCache (only when supplied); legalComments (only when legalComments is 'external')",node; bun (unproven); deno; browser-wasm,"transform is text-to-text over a single source unit and must never be modelled as a degenerate graph build: it accepts no entryPoints, no bundle, no plugins, no outdir, and no external. It has no result field for output files. Large inputs are handed to the child through a temporary file under os.tmpdir() named esbuild-<32 random bytes>, which is a filesystem side effect the declarations do not mention.",No provider cancellation. Interruption stops the fiber awaiting the promise.,"esbuild owns Message/Note/Location; warnings only - errors arrive as a rejected TransformFailure. Inherited-stderr caveat of ESB-OP-01 applies.",UPSTREAM-DIRECT,established,medium,uncommitted pending the D9 matrix,not-started,not-certified,ship,"A distinct provider-only domain with no portable peer in the five-package star, source-established, and cheap to expose truthfully because it publishes nothing.","P-ESB-17 large-input temp-file lifecycle, cleanup, and behavior under interruption; P-ESB-18 diagnostics shape on TransformFailure",EV-ESB-002; EV-ESB-003; EV-ESB-009; EV-ESB-023
ESB-OP-04,esbuild / analyze-metafile / in-process-api / one-shot / {caller-owned-value; none},esbuild,analyze-metafile,in-process-api,one-shot,caller-owned-value,none,"Metafile object or JSON string, plus AnalyzeMetafileOptions",Promise<string>,none,color; verbose,"one string - esbuild's own pretty-printed bundle report",node; bun (unproven); deno; browser-wasm,"The result is human-formatted text, not structured data. It is a rendering of a metafile the caller already holds; it adds no graph information. Passing an object causes the JS layer to JSON.stringify it before sending.",No provider cancellation. Interruption stops the fiber awaiting the promise.,esbuild owns the report format entirely; effect-build must not reformat or parse it.,UPSTREAM-DIRECT,established,low,uncommitted pending the D9 matrix,not-started,not-certified,ship,"A genuinely distinct native operation (not a build result field) that the imported crosswalk already isolates, with no publication and no lifecycle risk. Its only law is: preserve the native schema and never parse the returned text.","P-ESB-19 confirm the returned text is not machine-contracted, so no effect-build API derives structure from it",EV-ESB-002; EV-ESB-003; EV-ESB-016; EV-ESB-023
ESB-OP-05,esbuild / format-messages / in-process-api / one-shot / {caller-owned-value; none},esbuild,format-messages,in-process-api,one-shot,caller-owned-value,none,"PartialMessage[] plus FormatMessagesOptions {kind, color, terminalWidth, logStyle}",Promise<string[]>,none,kind (required: 'error' or 'warning'); color; terminalWidth; logStyle ('default' or 'visualstudio'),one string per input message,node; bun (unproven); deno; browser-wasm,"Absent entirely from the imported inventory rows E01-E12. It requires a live native child purely to render strings. kind is mandatory and unvalidated beyond the two literals.",No provider cancellation. Interruption stops the fiber awaiting the promise.,"This operation is the only supported way to reproduce esbuild's exact terminal diagnostic rendering, which D2 requires the product to preserve rather than re-render.",UPSTREAM-DIRECT,established,low,uncommitted pending the D9 matrix,not-started,not-certified,ship,"D2 obliges the product to preserve native diagnostics; this is upstream's own renderer and the only honest way to produce esbuild-identical output. It costs one native round-trip and publishes nothing.","P-ESB-20 confirm no behavior depends on it beyond string rendering; record that logStyle 'visualstudio' exists only at 0.28.2+",EV-ESB-002; EV-ESB-003; EV-ESB-014
ESB-OP-06,esbuild / build-memory-sync / in-process-api / one-shot / {caller-owned-value; none},esbuild,build-memory-sync,in-process-api,one-shot,caller-owned-value,none,BuildOptions with write:false,BuildResult (returned synchronously),none,as ESB-OP-01 except plugins,"as ESB-OP-01",node only,"Plugins are refused with 'Cannot use plugins in synchronous API calls'. The call does not use the shared long-lived child: it either delegates to a worker_thread (default) or runs execFileSync with maxBuffer = ESBUILD_MAX_BUFFER || 16 MiB, so sufficiently large output fails with ENOBUFS. Throws on deno ('does not work in Deno') and browser ('only works in node').","None. The call blocks the calling thread to completion. There is no interruption point at all: an Effect wrapping it cannot be interrupted and must not claim to be.","Same inherited-stderr caveat; the worker-thread path additionally reconstructs synthetic build errors (fakeBuildError) rather than forwarding native ones.",UPSTREAM-DIRECT,established,none,not-committed,not-started,not-certified,reject,"A blocking, non-interruptible call contradicts AGENTS.md's interruption law (interruption closes Scope and terminates active children) and Effect's fiber model; wrapping it would be a false interruption promise. It also loses plugin authority, imposes an undocumented 16 MiB output ceiling, and does not exist on two of four hosts. ESB-OP-01 is the complete migration target.",none - rejection is decided on the declarations and shipped implementation and needs no probe,EV-ESB-002; EV-ESB-003; EV-ESB-012; EV-ESB-013
ESB-OP-07,esbuild / build-direct-write-sync / in-process-api / one-shot / {caller-owned-value; provider-direct-durable},esbuild,build-direct-write-sync,in-process-api,one-shot,caller-owned-value,provider-direct-durable,BuildOptions with write:true and outfile or outdir,BuildResult (returned synchronously),none,as ESB-OP-02 except plugins,as ESB-OP-02,node only,"As ESB-OP-06, plus every provider-direct-durable hazard of ESB-OP-02 with no interruption point at which to observe remnants.",None; see ESB-OP-06.,see ESB-OP-06,UPSTREAM-DIRECT,established,none,not-committed,not-started,not-certified,reject,Same rationale as ESB-OP-06; ESB-OP-02 is the migration target.,none,EV-ESB-002; EV-ESB-003; EV-ESB-012; EV-ESB-013
ESB-OP-08,esbuild / transform-sync / in-process-api / one-shot / {caller-owned-value; none},esbuild,transform-sync,in-process-api,one-shot,caller-owned-value,none,TransformOptions plus one source,TransformResult (returned synchronously),none,as ESB-OP-03,as ESB-OP-03,node only,"Blocking; 16 MiB output ceiling; unavailable on deno and browser. Uses fsSync for the large-input temp file, so the temp file is written and unlinked synchronously.",None; see ESB-OP-06.,see ESB-OP-06,UPSTREAM-DIRECT,established,none,not-committed,not-started,not-certified,reject,Same rationale as ESB-OP-06; ESB-OP-03 is the migration target.,none,EV-ESB-002; EV-ESB-003; EV-ESB-012; EV-ESB-013
ESB-OP-09,esbuild / analyze-metafile-sync / in-process-api / one-shot / {caller-owned-value; none},esbuild,analyze-metafile-sync,in-process-api,one-shot,caller-owned-value,none,Metafile or JSON string plus AnalyzeMetafileOptions,string (returned synchronously),none,as ESB-OP-04,as ESB-OP-04,node only,Blocking; 16 MiB ceiling; unavailable on deno and browser.,None; see ESB-OP-06.,see ESB-OP-06,UPSTREAM-DIRECT,established,none,not-committed,not-started,not-certified,reject,Same rationale as ESB-OP-06; ESB-OP-04 is the migration target.,none,EV-ESB-002; EV-ESB-003; EV-ESB-012; EV-ESB-013
ESB-OP-10,esbuild / format-messages-sync / in-process-api / one-shot / {caller-owned-value; none},esbuild,format-messages-sync,in-process-api,one-shot,caller-owned-value,none,PartialMessage[] plus FormatMessagesOptions,string[] (returned synchronously),none,as ESB-OP-05,as ESB-OP-05,node only,Blocking; 16 MiB ceiling; unavailable on deno and browser.,None; see ESB-OP-06.,see ESB-OP-06,UPSTREAM-DIRECT,established,none,not-committed,not-started,not-certified,reject,Same rationale as ESB-OP-06; ESB-OP-05 is the migration target.,none,EV-ESB-002; EV-ESB-003; EV-ESB-012; EV-ESB-013
ESB-OP-11,esbuild / context-memory / in-process-api / scoped-context / {long-lived-handle; none},esbuild,context-memory,in-process-api,scoped-context,long-lived-handle,none,BuildOptions with write:false,Promise<BuildContext>,"context.rebuild (ESB-SUB-01); context.watch (ESB-SUB-02); context.serve (ESB-SUB-03); context.cancel (ESB-SUB-04); context.dispose (ESB-SUB-05); plugin build.resolve (ESB-SUB-06); plugin onStart/onEnd/onResolve/onLoad/onDispose (ESB-SUB-07..11); serve onRequest (ESB-SUB-12)","every ESB-OP-01 mode, captured once at acquisition and immutable thereafter; WatchOptions.delay; the full ServeOptions record","rebuild returns the same BuildResult shape as ESB-OP-01; serve returns ServeResult {port, hosts}; watch, cancel and dispose return void","node; bun (unproven); deno; browser-wasm can create a context but its watch and serve both throw 'Cannot use the \"watch\" API in this environment' / '... \"serve\" ...'","Options are captured at acquisition and cannot be changed per rebuild. rebuild() coalesces: concurrent calls share one latestResultPromise, so N calls yield one result value, not N builds. Watch-triggered rebuild results are delivered only through a plugin onEnd callback - there is no watch result channel and WatchOptions carries nothing but delay. serve() returns no stop handle; the server dies only with dispose(). rebuild/watch/serve are not guarded by the didDispose flag, so their post-dispose behavior is decided by the native child, not by a typed JS error.","cancel() is best-effort: it resolves on any response, never rejects, and silently resolves after dispose. dispose() is idempotent, but it resolves before plugin onDispose callbacks run - those are scheduled with setTimeout(cb, 0) after the promise settles. A live context holds a ref on the shared child, so a leaked context keeps the host event loop alive.","esbuild owns all diagnostics. The inherited-stderr caveat applies. If a build response carries writeToStdout, the JS layer prints it with console.log to the host stdout.",UPSTREAM-DIRECT,established,high,uncommitted pending the D9 matrix,not-started,not-certified,ship,"D7 explicitly authorises exposing esbuild context watch and serve as native operations in 0.4, and the recorded execution at 0.28.1/0.28.2 exercised context -> rebuild -> rebuild -> cancel -> dispose. It is the one operation in the whole corpus that genuinely earns a scoped handle: it owns a real provider lifetime, and Scope closure maps onto dispose(). rebuild/watch/serve/cancel/dispose stay methods of this one state owner - no evidence at 0.28.2 establishes an independently acquirable or independently releasable sub-resource.","P-ESB-01 rebuild/cancel/dispose race matrix; P-ESB-02 post-dispose rebuild/watch/serve; P-ESB-03 dispose during active watch and during active serve; P-ESB-04 rebuild coalescing under concurrency; P-ESB-05 plugin onDispose completion versus dispose() settlement; P-ESB-06 context leak and host event-loop liveness",EV-ESB-002; EV-ESB-003; EV-ESB-009; EV-ESB-013; EV-ESB-021; EV-ESB-022; EV-ESB-023
ESB-OP-12,esbuild / context-direct-write / in-process-api / scoped-context / {long-lived-handle; provider-direct-durable},esbuild,context-direct-write,in-process-api,scoped-context,long-lived-handle,provider-direct-durable,BuildOptions with write:true and outfile or outdir,Promise<BuildContext>,same as ESB-OP-11,"every ESB-OP-02 mode, captured once at acquisition; WatchOptions.delay; the full ServeOptions record",same as ESB-OP-11,node; bun (unproven); deno,"All of ESB-OP-11's holes, plus: every rebuild and every watch-triggered rebuild republishes into the same caller-selected destination with no staging and no rollback, so a watch session produces an unbounded sequence of provider-direct-durable mutations. Interruption at any point can leave a mixed-generation output tree.",same as ESB-OP-11,same as ESB-OP-11,UPSTREAM-DIRECT,established,high,uncommitted pending the D9 matrix,not-started,not-certified,ship,"Split from ESB-OP-11 because its failure and publication laws differ, exactly as RECONCILIATION section 1 requires. It is the mode a watch or serve session actually needs, so refusing it would make context watch useless.","all ESB-OP-11 probes, plus P-ESB-07 remnants after interrupting a watch-triggered rebuild mid-write; P-ESB-08 output tree generation coherence during an active watch",EV-ESB-002; EV-ESB-003; EV-ESB-023
ESB-OP-13,esbuild / stop-shared-service / in-process-api / one-shot / {none; none},esbuild,stop-shared-service,in-process-api,one-shot,none,none,no arguments,Promise<void>,none,none,none,"node (returns Promise.resolve() immediately, without awaiting child exit); deno (async, awaits stopService); browser","Absent entirely from the imported inventory rows E01-E12. It is process-global, not per-context: one module-global longLivedService is shared by every one-shot build, every transform, and every live context in the host process, including contexts created by unrelated libraries. Calling it destroys stdin/stdout and sends child.kill() (default SIGTERM), then clears longLivedService - so the very next API call transparently respawns a new child. It is a reset, not a terminal release. On node it resolves before any exit is observed.",Not a cancellation mechanism. It cannot be scoped to one operation.,none,UPSTREAM-DIRECT,established,none,not-committed,not-started,not-certified,reject,"Exposing this - or worse, calling it from a Scope finalizer - would let one effect-build scope terminate the native engine underneath every other live esbuild context in the process, including contexts effect-build does not own. That violates the shared-lifecycle ownership laws and creates cross-owner interference that no type can express. It must remain uncalled and unexposed; esbuild's own unref() already keeps the child from blocking host exit on node.","P-ESB-09 confirm the unref'd child does not block process exit on the bun host, where child_process semantics are not proven",EV-ESB-002; EV-ESB-003; EV-ESB-012; EV-ESB-013
ESB-OP-14,esbuild / initialize-shared-service / in-process-api / one-shot / {none; none},esbuild,initialize-shared-service,in-process-api,one-shot,none,none,InitializeOptions {wasmURL?; wasmModule?; worker?},Promise<void>,none,"wasmURL, wasmModule and worker are all rejected on node and deno with 'only works in the browser'",none,"browser (mandatory precondition before any other call); node and deno (accepts only an empty options object; its whole effect is to eagerly spawn the shared child)","Absent entirely from the imported inventory rows E01-E12. It sets a module-global initializeWasCalled latch and throws 'Cannot call \"initialize\" more than once' on the second call. stop() resets the latch on node.",none,none,UPSTREAM-DIRECT,established,none,not-committed,not-started,not-certified,reject,"On the hosts effect-build targets it does nothing a first API call would not do, and it consumes a one-shot process-global latch: if effect-build calls it, a consumer's own later initialize() throws. A library must not spend a global once-only token on its user's behalf.",none,EV-ESB-002; EV-ESB-003; EV-ESB-012; EV-ESB-013
ESB-OP-15,esbuild / build-stdout / selected-command / one-shot / {caller-owned-value; none},esbuild,build-stdout,selected-command,one-shot,caller-owned-value,none,"argv, cwd, env, and stdin bytes for the explicitly selected esbuild executable","exit status, collected stdout bytes, stderr bytes",none,"every CLI flag from the binary's own --help; input arrives on stdin or as an entry-point argument; no outfile or outdir; --loader for the stdin unit; --analyze and --analyze=verbose add a report to stdout; --log-style; --color","bundled output bytes on stdout, human diagnostics on stderr, process exit status",any host that can spawn a process; the selected binary is a per-platform native executable (or a node-run WebAssembly module on the three fallback platforms),"No plugins, no callbacks, no rebuild handle, and no structured result object - the compatibility matrix already records the CLI/context pairing as a lane mismatch rather than a version failure. The candidate must collect finite stdout before returning; a raw stream would be a separate scoped-process identity.","Effect Scope owns the child. Termination is a signal to the selected process; the reaping and descendant laws are the shared lifecycle code's, not esbuild's.","The CLI emits human-formatted diagnostics on stderr. They are bytes, not a Message[]; effect-build must not parse them into structured diagnostics.",UPSTREAM-DIRECT,established,medium,uncommitted pending the D9 matrix,not-started,not-certified,ship,"Selected-binary and process authority is a real semantic distinction that D2 and D5 both preserve, and this lane is the only one that lets a consumer pin an exact executable rather than an npm resolution. It ships with a mandatory preflight that records which of the two possible bin forms was selected (see REL-ESB-03).","P-ESB-21 bounded stdout/stderr collection with independent limits and truncation facts; P-ESB-22 signal delivery and exit observation through both bin forms; P-ESB-23 stdin-fed build with --loader",EV-ESB-006; EV-ESB-016; EV-ESB-023; EV-ESB-024
ESB-OP-16,esbuild / build-direct-write / selected-command / one-shot / {caller-owned-value; provider-direct-durable},esbuild,build-direct-write-command,selected-command,one-shot,caller-owned-value,provider-direct-durable,"argv with --outfile or --outdir, cwd, env","exit status, stderr bytes, and files written directly by the provider",none,"--outfile; --outdir; --outbase; --allow-overwrite; --entry-names/--chunk-names/--asset-names; --out-extension; --public-path; --metafile=PATH (writes a JSON file - unlike the API's metafile result field); --mangle-cache=PATH (writes a JSON file); plus every ESB-OP-15 flag","exit status and human diagnostics; all real output is durable files the provider wrote itself",any host that can spawn a process,"Same lane holes as ESB-OP-15. --metafile and --mangle-cache are file-writing modifiers here, not result fields, so the CLI lane has two extra provider-direct-durable outputs the in-process lane returns as values.","Effect Scope owns the child; a terminated build may leave partial durable output exactly as in ESB-OP-02, with no staging and no rollback.",same as ESB-OP-15,UPSTREAM-DIRECT,established,medium,uncommitted pending the D9 matrix,not-started,not-certified,ship,Same rationale as ESB-OP-15; split from it because its publication law is provider-direct-durable rather than none.,"ESB-OP-15's probes plus P-ESB-24 remnants after signalling a direct-write CLI build mid-run; P-ESB-25 --metafile and --mangle-cache file publication and overwrite behavior",EV-ESB-006; EV-ESB-016; EV-ESB-023; EV-ESB-024
ESB-OP-17,esbuild / build-watch / selected-command / scoped-process / {long-lived-handle; provider-direct-durable},esbuild,build-watch-command,selected-command,scoped-process,long-lived-handle,provider-direct-durable,"argv including --watch, cwd, env, and an open stdin","a scoped child-process handle plus raw byte streams",none,"--watch; --watch=forever; --watch-delay=MS; plus every ESB-OP-16 flag","interleaved human rebuild reports on stderr, repeated durable writes, and eventual process exit",any host that can spawn a process,"This is not a semantic twin of ESB-SUB-02 (context.watch): there is no callback channel, no BuildResult, no delay-only options record, and no shared engine - it is a separate process whose only machine-observable facts are bytes, exit status, and files on disk. At argv level --watch is a modifier on an ordinary build invocation, not a subcommand, so it composes with --serve. Its lifetime is additionally bound to stdin: the binary's own --help states watch 'stops when stdin is closed, use \"--watch=forever\" to ignore stdin'.","Two independent termination channels exist - closing stdin and signalling the process - and they are not equivalent. Scope closure must choose and document one. D7 forbids any typed Ready/Rebuilt protocol here.","Human text only. REC-006 remains falsified: no typed event may be derived from these bytes.",UPSTREAM-DIRECT,established,medium,uncommitted pending the D9 matrix,not-started,not-certified,ship,"D7 authorises raw scoped command watch as a process handle with byte streams in 0.4 and explicitly says raw scoped command handles do not wait for the typed-protocol research. The stdin-close termination channel is new evidence that makes this operation more, not less, worth exposing honestly.","P-ESB-26 stdin-close versus signal termination, including through the node-shim bin form; P-ESB-27 descendant reaping when the selected bin is a node shim; P-ESB-28 durable output state after abrupt termination mid-rebuild",EV-ESB-006; EV-ESB-016; EV-ESB-023
ESB-OP-18,esbuild / serve / selected-command / scoped-process / {long-lived-handle; none},esbuild,serve-command,selected-command,scoped-process,long-lived-handle,none,"argv including --serve=HOST:PORT, cwd, env","a scoped child-process handle plus raw byte streams; the bound address is printed as human text",none,--serve=HOST:PORT; --servedir; --serve-fallback; --cors-origin; --keyfile; --certfile; composes with --watch and with --outdir,"HTTP responses to clients; the bound host and port appear only in human stdout/stderr text",any host that can spawn a process,"Not a semantic twin of ESB-SUB-03 (context.serve): the in-process serve returns a structured ServeResult {port, hosts} and supports an onRequest callback and a structured cors object; the CLI has neither. It is also a flag on an ordinary build invocation rather than a subcommand.","Scope closure signals the process. The listening socket's release is not separately observable.","Human text only.",UPSTREAM-DIRECT,established,low,uncommitted pending the D9 matrix,not-started,not-certified,defer,"A serve operation whose caller cannot learn the bound port is close to useless, and at 0.28.2 the CLI reports the address only as human text - which REC-006 and D7 forbid parsing. That leaves the operation honest only when the caller pins an exact port, which is a narrow enough case that it should wait for a demonstrated consumer. GHSA-g7r4-m6w7-qqqr also shows the served directory is a real attack surface with a host-specific hole, and no probe evidence exists for any serve behavior at any coordinate.","unblocked only by (a) an upstream machine-readable address channel, or (b) an explicit product decision that the operation requires a pinned port; then P-ESB-29 port binding and release, P-ESB-30 termination with in-flight requests",EV-ESB-006; EV-ESB-016; EV-ESB-019; EV-ESB-023
ESB-OP-19,esbuild / build-host-stdout / in-process-api / one-shot / {none; none},esbuild,build-host-stdout,in-process-api,one-shot,none,none,"BuildOptions with write:true and neither outfile nor outdir","Promise<BuildResult> whose outputFiles is absent; the bundled bytes are not in the result",none,write:true with no destination,"errors and warnings only - the actual output is written to the host process stdout",node; bun (unproven); deno,"Absent entirely from the imported inventory rows E01-E12 and from the imported crosswalk. When the native child returns a writeToStdout payload, the JavaScript layer prints it to the host process stdout with console.log and strips one trailing newline. The bytes are therefore neither a returned value nor a file: they are an uncapturable side effect on a stream the library does not own.",No provider cancellation; the side effect may already have occurred when the fiber is interrupted.,"The output itself, not just diagnostics, escapes onto the host's stdout.",UPSTREAM-DIRECT,established,none,not-committed,not-started,not-certified,reject,"A library must never write a consumer's build output to the consumer's stdout. This mode has no result value to return and no publication effect-build can observe, own, or clean up. effect-build's request validation must make it unreachable by requiring write:false or a destination, and must say so as a typed preflight refusal rather than silently rewriting the caller's options.","P-ESB-10 confirm the exact BuildOptions combinations that reach the writeToStdout path, so preflight refuses precisely that set and nothing more",EV-ESB-003
